tag,n,m,cap_factor,corr,seed,brd_found_pne,brd_alpha,brd_time,initial_pne_welfare,gzr_status,gzr_mip_gap,gzr_obj_bound,gzr_cuts,gzr_br_calls,gzr_time,gzr_obj_val,gzr_first_pne_time,best_pne_welfare,so_status,so_welfare,so_time,pos
n2_m30_cf0.2_corrstrongly_correlated,2,30,0.2,strongly_correlated,56339,True,1.0,0.0331308841705322,9073.0,OPTIMAL,0.0,9074.0,0,4,0.6845669746398926,9074.0,0.0628564357757568,9074.0,OPTIMAL,9074.0,1.5283195972442627,1.0
n2_m30_cf0.2_corruncorrelated,2,30,0.2,uncorrelated,54321,True,1.0,0.0363380908966064,13596.0,OPTIMAL,0.0,13596.0,0,2,0.1235716342926025,13596.0,0.065120220184326,13596.0,OPTIMAL,13596.0,0.1144053936004638,1.0
n2_m30_cf0.2_corrweakly_correlated,2,30,0.2,weakly_correlated,55330,True,1.0,0.0441052913665771,6953.0,OPTIMAL,0.0,7010.0,2,6,0.4081530570983886,7010.0,0.0657770633697509,7010.0,OPTIMAL,7010.0,1.0299270153045654,1.0
n2_m30_cf0.5_corrstrongly_correlated,2,30,0.5,strongly_correlated,59366,True,1.0,0.0416152477264404,16956.0,OPTIMAL,0.0,18854.000000000004,10,26,1.6371667385101318,18854.0,0.0593175888061523,18854.0,OPTIMAL,18854.0,1.7401468753814695,1.0
n2_m30_cf0.5_corruncorrelated,2,30,0.5,uncorrelated,57348,True,1.0,0.0361073017120361,22833.0,OPTIMAL,0.0,22977.0,1,6,0.2084987163543701,22977.0,0.055758237838745,22977.0,OPTIMAL,22977.0,0.2784287929534912,1.0
n2_m30_cf0.5_corrweakly_correlated,2,30,0.5,weakly_correlated,58357,True,1.0,0.0349030494689941,16157.0,OPTIMAL,0.0,16185.0,0,6,0.729499340057373,16185.0,0.0489594936370849,16185.0,OPTIMAL,16185.0,1.42171311378479,1.0
n2_m50_cf0.2_corrstrongly_correlated,2,50,0.2,strongly_correlated,62393,True,1.0,0.280611515045166,13301.0,OPTIMAL,0.0,13301.0,0,2,0.8517093658447266,13301.0,0.4166381359100341,13301.0,OPTIMAL,13300.0,3.614913702011109,0.999924817682881
n2_m50_cf0.2_corruncorrelated,2,50,0.2,uncorrelated,60375,True,1.0,0.0461654663085937,25643.0,OPTIMAL,0.0,25808.0,1,6,0.2273955345153808,25808.0,0.094893455505371,25808.0,OPTIMAL,25808.0,0.1809368133544922,1.0
n2_m50_cf0.2_corrweakly_correlated,2,50,0.2,weakly_correlated,61384,True,1.0,0.0408196449279785,10965.0,OPTIMAL,9.053870529651426e-05,11046.0,6,14,0.689131498336792,11045.0,0.0686690807342529,11045.0,OPTIMAL,11045.0,2.28064513206482,1.0
n2_m50_cf0.5_corrstrongly_correlated,2,50,0.5,strongly_correlated,65420,True,1.0,0.5495259761810303,32408.0,OPTIMAL,6.133652283252063e-05,32609.0,27,38,5.86255955696106,32607.0,0.830024242401123,32607.0,OPTIMAL,32608.0,1.0347132682800293,1.0000306682614162
n2_m50_cf0.5_corruncorrelated,2,50,0.5,uncorrelated,63402,True,1.0,0.2753138542175293,38935.0,OPTIMAL,0.0,39490.0,9,20,1.519500970840454,39490.0,0.3312246799468994,39490.0,OPTIMAL,39490.0,0.286722183227539,1.0
n2_m50_cf0.5_corrweakly_correlated,2,50,0.5,weakly_correlated,64411,True,1.0,0.4784512519836426,28072.0,OPTIMAL,7.108330963889678e-05,28138.0,9,18,4.351186513900757,28136.0,0.6464083194732666,28136.0,OPTIMAL,28136.0,2.2381832599639893,1.0
n3_m30_cf0.2_corrstrongly_correlated,3,30,0.2,strongly_correlated,68447,True,1.0,0.0659756660461425,11900.0,OPTIMAL,0.0,12006.000000000004,5,27,3.882434844970703,12006.0,0.1112480163574217,12006.0,OPTIMAL,12006.0,7.461546421051025,1.0
n3_m30_cf0.2_corruncorrelated,3,30,0.2,uncorrelated,66429,True,1.0,0.0834496021270752,23299.0,OPTIMAL,0.0,23681.0,0,6,0.2498283386230468,23681.0,0.1232728958129882,23681.0,OPTIMAL,23681.0,0.1627571582794189,1.0
n3_m30_cf0.2_corrweakly_correlated,3,30,0.2,weakly_correlated,67438,True,1.0,0.058485984802246,10403.0,OPTIMAL,9.500285008550256e-05,10527.0,2,18,1.1988444328308103,10526.0,0.1064040660858152,10526.0,OPTIMAL,10526.0,2.28262996673584,1.0
n3_m30_cf0.5_corrstrongly_correlated,3,30,0.5,strongly_correlated,71474,True,1.0,0.1855907440185547,28369.0,OPTIMAL,6.871435442864014e-05,29108.0,23,57,12.618385076522827,29106.0,0.2395789623260498,29106.0,OPTIMAL,29106.0,6.367505073547363,1.0
n3_m30_cf0.5_corruncorrelated,3,30,0.5,uncorrelated,69456,True,1.0,0.032891035079956,30344.0,OPTIMAL,0.0,33196.0,7,18,0.2836923599243164,33196.0,0.064340591430664,33196.0,OPTIMAL,33196.0,0.2029700279235839,1.0
n3_m30_cf0.5_corrweakly_correlated,3,30,0.5,weakly_correlated,70465,True,1.0,0.0419600009918212,25401.0,OPTIMAL,0.0,25593.0,11,33,3.5524280071258545,25593.0,0.0894768238067626,25593.0,OPTIMAL,25593.0,4.818309545516968,1.0
n3_m50_cf0.2_corrstrongly_correlated,3,50,0.2,strongly_correlated,74501,True,1.0,1.627784252166748,22253.0,OPTIMAL,0.0,22450.0,2,9,3.011030912399292,22450.0,2.373629570007324,22450.0,OPTIMAL,22450.0,0.5406625270843506,1.0
n3_m50_cf0.2_corruncorrelated,3,50,0.2,uncorrelated,72483,True,1.0,0.0495901107788085,36994.0,OPTIMAL,0.0,38867.0,5,12,0.2518625259399414,38867.0,0.0811364650726317,38867.0,OPTIMAL,38867.0,0.3089663982391357,1.0
n3_m50_cf0.2_corrweakly_correlated,3,50,0.2,weakly_correlated,73492,True,1.0,0.0299203395843505,17165.0,OPTIMAL,5.812263876780006e-05,17206.0,1,9,0.6728110313415527,17205.0,0.0456562042236327,17205.0,OPTIMAL,17205.0,0.8887925148010254,1.0
n3_m50_cf0.5_corrstrongly_correlated,3,50,0.5,strongly_correlated,77528,True,1.0,0.600123405456543,42451.0,OPTIMAL,6.694336591227571e-05,44816.99999999999,37,90,26.40575170516968,44814.0,0.6666684150695801,44814.0,OPTIMAL,44813.0,12.210053205490112,0.999977685544696
n3_m50_cf0.5_corruncorrelated,3,50,0.5,uncorrelated,75510,True,1.0,0.2368073463439941,51946.0,OPTIMAL,0.0,55811.0,23,48,2.7667696475982666,55811.0,0.3171241283416747,55811.0,OPTIMAL,55811.0,0.8132224082946777,1.0
n3_m50_cf0.5_corrweakly_correlated,3,50,0.5,weakly_correlated,76519,True,1.0,1.670912742614746,39521.0,OPTIMAL,9.967853671908097e-05,40133.0,18,30,6.530949354171753,40129.0,2.430663585662842,40129.0,OPTIMAL,40129.0,2.454983949661255,1.0
n5_m30_cf0.2_corrstrongly_correlated,5,30,0.2,strongly_correlated,80555,True,1.0,0.060124397277832,20050.0,OPTIMAL,0.0,20449.0,65,225,16.960246801376343,20449.0,0.0920703411102294,20449.0,OPTIMAL,20449.0,10.039136171340942,1.0
n5_m30_cf0.2_corruncorrelated,5,30,0.2,uncorrelated,78537,True,1.0,0.0580132007598876,32838.0,OPTIMAL,2.9824038174768865e-05,33531.0,10,35,1.0643997192382812,33530.0,0.0900418758392333,33530.0,OPTIMAL,33530.0,1.0057778358459473,1.0
n5_m30_cf0.2_corrweakly_correlated,5,30,0.2,weakly_correlated,79546,True,1.0,0.0630614757537841,18703.0,OPTIMAL,0.0,18768.0,3,25,1.4341859817504885,18768.0,0.1038055419921873,18768.0,OPTIMAL,18768.0,3.738303899765015,1.0
n5_m30_cf0.5_corrstrongly_correlated,5,30,0.5,strongly_correlated,83582,True,1.0,0.0898547172546386,48931.0,OPTIMAL,8.090778535164547e-05,49443.0,37,165,143.68483781814575,49439.0,0.1409082412719725,49439.0,OPTIMAL,49439.0,59.12686324119568,1.0
n5_m30_cf0.5_corruncorrelated,5,30,0.5,uncorrelated,81564,True,1.0,0.1036221981048584,46221.0,OPTIMAL,0.0,50432.0,10,60,1.1213064193725586,50432.0,0.1540322303771972,50432.0,OPTIMAL,50432.0,0.444354772567749,1.0
n5_m30_cf0.5_corrweakly_correlated,5,30,0.5,weakly_correlated,82573,True,1.0,0.1501326560974121,40146.0,OPTIMAL,7.184940364994971e-05,41757.0,41,100,2.6419386863708496,41754.0,0.2132751941680908,41754.0,OPTIMAL,41754.0,4.978705167770386,1.0
n5_m50_cf0.2_corrstrongly_correlated,5,50,0.2,strongly_correlated,86609,True,1.0,0.5761983394622803,32952.0,OPTIMAL,0.0,33636.0,84,200,14.635018110275269,33636.0,0.7292220592498779,33636.0,OPTIMAL,33636.0,2.99353575706482,1.0
n5_m50_cf0.2_corruncorrelated,5,50,0.2,uncorrelated,84591,True,1.0,0.0628070831298828,59474.0,OPTIMAL,9.6736747065652e-05,62030.0,13,30,0.5642881393432617,62024.0,0.0850636959075926,62024.0,OPTIMAL,62024.0,1.053617238998413,1.0
n5_m50_cf0.2_corrweakly_correlated,5,50,0.2,weakly_correlated,85600,True,1.0,0.2703084945678711,28913.0,OPTIMAL,6.850253459377997e-05,29198.0,19,70,3.841941595077514,29196.0,0.3867380619049072,29196.0,OPTIMAL,29196.0,3.7898154258728014,1.0
n5_m50_cf0.5_corrstrongly_correlated,5,50,0.5,strongly_correlated,89636,True,1.0,1.0134119987487793,73560.0,TIME_LIMIT,0.0002689342519785,78107.0,74,180,600.0311255455017,78086.0,1.3447096347808838,78086.0,TIME_LIMIT,78093.0,600.0365374088287,1.0000896447506595
n5_m50_cf0.5_corruncorrelated,5,50,0.5,uncorrelated,87618,True,1.0,0.4301009178161621,80947.0,OPTIMAL,8.204791598293403e-05,85323.0,13,40,1.5068013668060305,85316.0,0.5037932395935059,85316.0,OPTIMAL,85316.0,0.8874258995056152,1.0
n5_m50_cf0.5_corrweakly_correlated,5,50,0.5,weakly_correlated,88627,True,1.0,0.4907317161560058,61324.0,OPTIMAL,0.0,65952.0,57,115,12.245211362838743,65952.0,0.615614891052246,65952.0,OPTIMAL,65952.0,4.921709537506104,1.0
n8_m30_cf0.2_corrstrongly_correlated,8,30,0.2,strongly_correlated,92663,True,1.0,0.0386762619018554,31597.0,OPTIMAL,1.9170540937248588e-14,32071.00000000061,19,88,2.139377355575561,32071.0,0.0545260906219481,32071.0,OPTIMAL,32071.0,2.1756832599639893,1.0
n8_m30_cf0.2_corruncorrelated,8,30,0.2,uncorrelated,90645,True,1.0,0.0918068885803222,57158.0,OPTIMAL,8.340840089413806e-05,59951.0,21,96,0.59368896484375,59946.0,0.1259155273437499,59946.0,OPTIMAL,59946.0,0.4355263710021972,1.0
n8_m30_cf0.2_corrweakly_correlated,8,30,0.2,weakly_correlated,91654,True,1.0,0.0478668212890625,28168.0,OPTIMAL,0.0,28225.000000000004,3,40,0.5044689178466797,28225.0,0.0797395706176757,28225.0,OPTIMAL,28225.0,0.9910991191864014,1.0
n8_m30_cf0.5_corrstrongly_correlated,8,30,0.5,strongly_correlated,95690,True,1.0,0.2627289295196533,66805.0,OPTIMAL,9.711970697576792e-05,72082.99999999999,41,368,139.78741693496704,72076.0,0.3067240715026855,72076.0,TIME_LIMIT,72066.0,600.0069143772125,0.9998612575614628
n8_m30_cf0.5_corruncorrelated,8,30,0.5,uncorrelated,93672,True,1.0,0.0439610481262207,82248.0,OPTIMAL,8.78860118426401e-05,91035.0,26,112,0.8333055973052979,91027.0,0.1051452159881591,91027.0,OPTIMAL,91027.0,0.3952212333679199,1.0
n8_m30_cf0.5_corrweakly_correlated,8,30,0.5,weakly_correlated,94681,True,1.0,0.0496013164520263,59913.0,OPTIMAL,4.823461315840247e-05,62199.0,38,152,1.7359249591827393,62196.0,0.1181521415710448,62196.0,OPTIMAL,62196.0,1.0198016166687012,1.0
n8_m50_cf0.2_corrstrongly_correlated,8,50,0.2,strongly_correlated,98717,True,1.0,0.1872925758361816,54147.0,OPTIMAL,1.820498816675769e-05,54931.0,132,480,32.234665870666504,54930.0,0.3348026275634765,54930.0,OPTIMAL,54930.0,15.36989402770996,1.0
n8_m50_cf0.2_corruncorrelated,8,50,0.2,uncorrelated,96699,True,1.0,0.0786826610565185,91942.0,OPTIMAL,7.461652436229521e-05,93820.0,15,80,1.0920350551605225,93813.0,0.1185903549194335,93813.0,OPTIMAL,93813.0,1.6450490951538086,1.0
n8_m50_cf0.2_corrweakly_correlated,8,50,0.2,weakly_correlated,97708,True,1.0,0.1604359149932861,49234.0,OPTIMAL,6.052536012589275e-05,49569.0,14,96,5.89635968208313,49566.0,0.2354085445404052,49566.0,OPTIMAL,49566.0,5.448087692260742,1.0
n8_m50_cf0.5_corrstrongly_correlated,8,50,0.5,strongly_correlated,101744,True,1.0,0.6719515323638916,113510.0,TIME_LIMIT,0.0001833073647896,120038.99999999996,139,424,600.0413808822632,120017.0,0.894723653793335,120017.0,OPTIMAL,120032.0,37.350908041000366,1.000124982294175
n8_m50_cf0.5_corruncorrelated,8,50,0.5,uncorrelated,99726,True,1.0,0.4329047203063965,135829.0,OPTIMAL,0.0,145923.0,13,56,1.5812246799468994,145923.0,0.542637825012207,145923.0,OPTIMAL,145923.0,0.3986308574676513,1.0
n8_m50_cf0.5_corrweakly_correlated,8,50,0.5,weakly_correlated,100735,True,1.0,0.6254336833953857,102423.0,OPTIMAL,3.814318953350879e-05,104872.0,478,1424,60.05294585227966,104868.0,0.9563999176025392,104868.0,OPTIMAL,104868.0,4.883950471878052,1.0
n10_m30_cf0.2_corrstrongly_correlated,10,30,0.2,strongly_correlated,104771,True,1.0,0.050215721130371,40141.0,OPTIMAL,0.0,40856.99999999998,40,330,8.672800540924072,40857.0,0.0814933776855467,40857.0,OPTIMAL,40857.0,7.992351770401001,1.0
n10_m30_cf0.2_corruncorrelated,10,30,0.2,uncorrelated,102753,True,1.0,0.0941250324249267,67011.0,OPTIMAL,0.0,69504.0,13,130,0.6791040897369385,69504.0,0.1258752346038817,69504.0,OPTIMAL,69504.0,0.3950033187866211,1.0
n10_m30_cf0.2_corrweakly_correlated,10,30,0.2,weakly_correlated,103762,True,1.0,0.0547270774841308,34302.0,OPTIMAL,2.8915941358470924e-05,34584.0,7,140,2.43404221534729,34583.0,0.0821678638458251,34583.0,OPTIMAL,34583.0,3.0460097789764404,1.0
n10_m30_cf0.5_corrstrongly_correlated,10,30,0.5,strongly_correlated,107798,True,1.0,0.1173987388610839,84270.0,TIME_LIMIT,0.0001891726478601,89881.99999999996,60,440,600.0406980514526,89865.0,0.1685106754302976,89865.0,TIME_LIMIT,89866.0,600.0023422241211,1.0000111278028154
n10_m30_cf0.5_corruncorrelated,10,30,0.5,uncorrelated,105780,True,1.0,0.1104674339294433,88139.0,OPTIMAL,0.0,102177.0,11,100,0.5366194248199463,102177.0,0.1411654949188231,102177.0,OPTIMAL,102177.0,0.1264445781707763,1.0
n10_m30_cf0.5_corrweakly_correlated,10,30,0.5,weakly_correlated,106789,True,1.0,0.0633084774017334,71221.0,OPTIMAL,7.247164546871037e-05,82797.0,121,360,2.958538770675659,82791.0,0.0950415134429931,82791.0,OPTIMAL,82791.0,2.2288429737091064,1.0
n10_m50_cf0.2_corrstrongly_correlated,10,50,0.2,strongly_correlated,110825,True,1.0,0.4050564765930176,68075.0,OPTIMAL,8.68017881168352e-05,69129.0,53,290,158.4554214477539,69123.0,0.5989227294921875,69123.0,OPTIMAL,69127.0,55.377115964889526,1.0000578678587446
n10_m50_cf0.2_corruncorrelated,10,50,0.2,uncorrelated,108807,True,1.0,0.0792546272277832,106591.0,OPTIMAL,9.896180074491246e-05,111165.0,47,200,2.0853259563446045,111154.0,0.1176111698150634,111154.0,OPTIMAL,111154.0,1.5629136562347412,1.0
n10_m50_cf0.2_corrweakly_correlated,10,50,0.2,weakly_correlated,109816,True,1.0,0.1294324398040771,60217.0,OPTIMAL,9.881260190049571e-05,60727.0,23,180,4.509690999984741,60721.0,0.2148389816284179,60721.0,OPTIMAL,60721.0,5.944565534591675,1.0
n10_m50_cf0.5_corrstrongly_correlated,10,50,0.5,strongly_correlated,113852,True,1.0,0.4357085227966308,140930.0,TIME_LIMIT,0.0001011582621008,158183.99999999997,82,500,600.0042970180511,158168.0,0.6378729343414307,158168.0,TIME_LIMIT,158157.0,600.0185072422028,0.9999304536948056
n10_m50_cf0.5_corruncorrelated,10,50,0.5,uncorrelated,111834,True,1.0,0.2350287437438964,145928.0,OPTIMAL,0.0,167319.0,40,200,2.663793563842773,167319.0,0.3210594654083251,167319.0,OPTIMAL,167319.0,0.4847323894500732,1.0
n10_m50_cf0.5_corrweakly_correlated,10,50,0.5,weakly_correlated,112843,True,1.0,0.9300045967102052,128640.0,OPTIMAL,8.233902720182044e-05,133605.0,696,2200,78.99084138870239,133594.0,1.2305588722229004,133594.0,OPTIMAL,133594.0,6.493591070175171,1.0
n15_m30_cf0.2_corrstrongly_correlated,15,30,0.2,strongly_correlated,116879,True,1.0,0.2653787136077881,61788.0,OPTIMAL,1.598797704126497e-05,62548.0,20,315,11.92902135848999,62547.0,0.3450603485107422,62547.0,OPTIMAL,62547.0,11.514385223388672,1.0
n15_m30_cf0.2_corruncorrelated,15,30,0.2,uncorrelated,114861,True,1.0,0.185831069946289,98477.0,OPTIMAL,1.89118142103372e-05,105756.0,21,105,1.1957368850708008,105754.0,0.3114759922027587,105754.0,OPTIMAL,105754.0,1.5161981582641602,1.0
n15_m30_cf0.2_corrweakly_correlated,15,30,0.2,weakly_correlated,115870,True,1.0,0.2809052467346191,54265.0,OPTIMAL,9.153485647334504e-05,54629.0,5,150,3.9296889305114746,54624.0,0.3754999637603758,54624.0,OPTIMAL,54624.0,7.134638547897339,1.0
n15_m30_cf0.5_corrstrongly_correlated,15,30,0.5,strongly_correlated,119906,True,1.0,0.6977815628051758,117274.0,TIME_LIMIT,0.000353037223362,136010.99999999997,24,660,600.0236301422119,135963.0,0.7897763252258301,135963.0,TIME_LIMIT,135975.0,600.0288593769073,1.0000882593058409
n15_m30_cf0.5_corruncorrelated,15,30,0.5,uncorrelated,117888,True,1.0,0.3354392051696777,162473.0,OPTIMAL,9.452298385429282e-05,169287.0,17,120,1.563056230545044,169271.0,0.491248846054077,169271.0,OPTIMAL,169283.0,1.3877112865447998,1.0000708922378907
n15_m30_cf0.5_corrweakly_correlated,15,30,0.5,weakly_correlated,118897,True,1.0,0.187051773071289,107986.0,OPTIMAL,7.515657620041754e-05,119759.0,151,825,22.2833833694458,119750.0,0.271839141845703,119750.0,OPTIMAL,119750.0,16.985963106155396,1.0
n15_m50_cf0.2_corrstrongly_correlated,15,50,0.2,strongly_correlated,122933,True,1.0,0.5541424751281738,102285.0,TIME_LIMIT,0.0003173748292908,104011.0,391,1980,600.0840473175049,103978.0,0.6331214904785156,103978.0,OPTIMAL,103993.0,236.8178443908692,1.0001442612860412
n15_m50_cf0.2_corruncorrelated,15,50,0.2,uncorrelated,120915,True,1.0,0.2086153030395507,172314.0,OPTIMAL,0.0,181804.00000000003,25,135,1.628361463546753,181804.0,0.2972536087036131,181804.0,OPTIMAL,181804.0,2.688398122787476,1.0
n15_m50_cf0.2_corrweakly_correlated,15,50,0.2,weakly_correlated,121924,True,1.0,0.2181391716003418,88342.0,OPTIMAL,7.883060429288948e-05,88805.0,12,285,18.473711729049683,88798.0,0.2950317859649658,88798.0,OPTIMAL,88798.0,14.922094583511353,1.0
n15_m50_cf0.5_corrstrongly_correlated,15,50,0.5,strongly_correlated,125960,True,1.0,1.362853765487671,206398.0,TIME_LIMIT,0.0001200902010839,224857.9999999999,47,720,600.0575675964355,224831.0,1.5089218616485596,224831.0,TIME_LIMIT,224833.0,600.0065987110138,1.0000088955704507
n15_m50_cf0.5_corruncorrelated,15,50,0.5,uncorrelated,123942,True,1.0,0.6245274543762207,250507.0,OPTIMAL,3.197862406640184e-05,281447.0,31,315,4.932551860809326,281438.0,0.8221681118011475,281438.0,OPTIMAL,281438.0,1.8308570384979248,1.0
n15_m50_cf0.5_corrweakly_correlated,15,50,0.5,weakly_correlated,124951,True,1.0,1.816992282867432,201319.0,OPTIMAL,8.346425765907306e-05,203697.0,310,1245,101.52395272254944,203680.0,2.5770614147186284,203680.0,OPTIMAL,203680.0,20.775395393371586,1.0
n20_m30_cf0.2_corrstrongly_correlated,20,30,0.2,strongly_correlated,128987,True,1.0,0.2305638790130615,84434.0,OPTIMAL,8.195089970380603e-05,85424.0,28,440,13.552313327789308,85417.0,0.316014289855957,85417.0,OPTIMAL,85417.0,7.520035743713379,1.0
n20_m30_cf0.2_corruncorrelated,20,30,0.2,uncorrelated,126969,True,1.0,0.2753567695617676,134348.0,OPTIMAL,9.17976489236814e-05,140712.91592920356,18,240,2.143721342086792,140700.0,0.3760719299316405,140700.0,OPTIMAL,140700.0,1.8568291664123533,1.0
n20_m30_cf0.2_corrweakly_correlated,20,30,0.2,weakly_correlated,127978,True,1.0,0.2490663528442382,71769.0,OPTIMAL,8.279994747893993e-05,72338.989168601,14,160,3.271076440811157,72333.0,0.4003450870513915,72333.0,OPTIMAL,72333.0,6.921491384506226,1.0
n20_m30_cf0.5_corrstrongly_correlated,20,30,0.5,strongly_correlated,132014,True,1.0,0.2623906135559082,152027.0,TIME_LIMIT,0.0003414717432125,175769.99999999988,55,1160,600.0740010738373,175710.0,0.4230291843414306,175710.0,TIME_LIMIT,175705.0,600.0176949501038,0.9999715440213988
n20_m30_cf0.5_corruncorrelated,20,30,0.5,uncorrelated,129996,True,1.0,0.2813053131103515,189430.0,OPTIMAL,2.663787887636518e-05,217335.7892102162,11,80,1.0189249515533447,217330.0,0.4490220546722411,217330.0,OPTIMAL,217330.0,0.5644705295562744,1.0
n20_m30_cf0.5_corrweakly_correlated,20,30,0.5,weakly_correlated,131005,True,1.0,0.2402858734130859,156430.0,OPTIMAL,7.471049682480388e-05,160632.0,356,2100,50.57274174690247,160620.0,0.3402507305145263,160620.0,OPTIMAL,160616.0,16.762431383132935,0.9999750965010584
n20_m50_cf0.2_corrstrongly_correlated,20,50,0.2,strongly_correlated,135041,True,1.0,2.073709487915039,140625.0,OPTIMAL,7.028295919371389e-05,142292.0,105,740,33.20614266395569,142282.0,2.8089678287506104,142282.0,OPTIMAL,142283.0,7.088292121887207,1.0000070282959197
n20_m50_cf0.2_corruncorrelated,20,50,0.2,uncorrelated,133023,True,1.0,0.2800245285034179,237675.0,OPTIMAL,0.0,245464.00000000003,51,540,6.483301877975464,245464.0,0.3913614749908446,245464.0,OPTIMAL,245450.0,4.136455774307251,0.9999429651598604
n20_m50_cf0.2_corrweakly_correlated,20,50,0.2,weakly_correlated,134032,True,1.0,0.3951029777526855,117882.0,OPTIMAL,9.274638921443809e-05,118614.0,46,560,43.18666863441467,118603.0,0.5969331264495848,118603.0,OPTIMAL,118598.0,28.246851682662964,0.999957842550357
n20_m50_cf0.5_corrstrongly_correlated,20,50,0.5,strongly_correlated,138068,True,1.0,1.237149715423584,264214.0,TIME_LIMIT,0.0002359827863663,305178.9999999999,44,880,600.0757067203522,305107.0,1.382920742034912,305107.0,TIME_LIMIT,305096.0,600.020384311676,0.999963947074305
n20_m50_cf0.5_corruncorrelated,20,50,0.5,uncorrelated,136050,True,1.0,0.437016487121582,321506.0,OPTIMAL,9.81813541217098e-05,354963.84740983706,21,160,1.8287179470062256,354929.0,0.5796360969543456,354929.0,OPTIMAL,354926.0,0.7425732612609863,0.9999915476052956
n20_m50_cf0.5_corrweakly_correlated,20,50,0.5,weakly_correlated,137059,True,1.0,0.9844377040863036,228092.0,OPTIMAL,9.802443070426785e-05,265266.0,270,1160,95.6357192993164,265240.0,1.1905632019042969,265240.0,OPTIMAL,265240.0,72.893559217453,1.0
n25_m30_cf0.2_corrstrongly_correlated,25,30,0.2,strongly_correlated,141095,True,1.0,0.3341946601867676,102611.0,OPTIMAL,8.630196097233542e-05,104294.0,64,850,17.053020238876343,104285.0,0.511603593826294,104285.0,OPTIMAL,104285.0,14.140967607498167,1.0
n25_m30_cf0.2_corruncorrelated,25,30,0.2,uncorrelated,139077,True,1.0,0.2866249084472656,170470.0,OPTIMAL,9.628783872860836e-05,176380.98170838953,26,400,3.909918546676636,176364.0,0.4288620948791503,176364.0,OPTIMAL,176364.0,1.271277904510498,1.0
n25_m30_cf0.2_corrweakly_correlated,25,30,0.2,weakly_correlated,140086,True,1.0,0.3942492008209228,87763.0,OPTIMAL,7.956986802769032e-05,87980.0,7,375,6.366024494171143,87973.0,0.5353107452392577,87973.0,OPTIMAL,87973.0,8.303283452987671,1.0
n25_m30_cf0.5_corrstrongly_correlated,25,30,0.5,strongly_correlated,144122,True,1.0,0.3454186916351318,185582.0,TIME_LIMIT,0.0004379602003633,219293.99999999924,27,1325,600.0727972984314,219198.0,0.4568285942077635,219198.0,TIME_LIMIT,219174.0,600.0606770515442,0.9998905099499084
n25_m30_cf0.5_corruncorrelated,25,30,0.5,uncorrelated,142104,True,1.0,0.3243169784545898,220360.0,OPTIMAL,0.0,251990.0,25,575,3.3065061569213867,251990.0,0.4363369941711424,251990.0,OPTIMAL,251990.0,0.5010988712310791,1.0
n25_m30_cf0.5_corrweakly_correlated,25,30,0.5,weakly_correlated,143113,True,1.0,0.1744568347930908,173587.0,OPTIMAL,9.879665672113656e-05,202456.0,140,1325,88.14973545074463,202436.0,0.2842078208923339,202436.0,OPTIMAL,202436.0,78.31766295433044,1.0
n25_m50_cf0.2_corrstrongly_correlated,25,50,0.2,strongly_correlated,147149,True,1.0,0.9366075992584229,169613.0,TIME_LIMIT,0.0002939165692175,172993.8308132302,621,4100,600.1794383525848,172943.0,1.0731754302978516,172943.0,OPTIMAL,172976.0,72.5383448600769,1.000190814314543
n25_m50_cf0.2_corruncorrelated,25,50,0.2,uncorrelated,145131,True,1.0,0.614361047744751,272467.0,OPTIMAL,6.615276414102377e-05,287233.0,29,125,4.043193101882935,287214.0,0.8527452945709227,287214.0,OPTIMAL,287220.0,5.914359331130981,1.0000208903465708
n25_m50_cf0.2_corrweakly_correlated,25,50,0.2,weakly_correlated,146140,True,1.0,0.564800500869751,146005.0,OPTIMAL,8.13636548553761e-05,147498.0,197,2275,66.6142361164093,147486.0,0.7686004638671875,147486.0,OPTIMAL,147484.0,33.218878746032715,0.9999864393908574
n25_m50_cf0.5_corrstrongly_correlated,25,50,0.5,strongly_correlated,150176,True,1.0,0.9217331409454346,284506.0,TIME_LIMIT,0.0004589437697678,364045.99999999936,32,1575,600.0883662700653,363879.0,1.107428789138794,363879.0,TIME_LIMIT,363936.0,600.06032538414,1.0001566454783046
n25_m50_cf0.5_corruncorrelated,25,50,0.5,uncorrelated,148158,True,1.0,0.8974823951721191,381313.0,OPTIMAL,0.0,437133.00000000006,52,300,3.976057767868042,437133.0,1.1264429092407229,437133.0,OPTIMAL,437133.0,0.6149990558624268,1.0
n25_m50_cf0.5_corrweakly_correlated,25,50,0.5,weakly_correlated,149167,True,1.0,1.816706657409668,323141.0,OPTIMAL,9.75188832019291e-05,338429.0,268,1675,150.65550422668457,338396.0,2.390695571899414,338396.0,OPTIMAL,338398.0,62.196407079696655,1.0000059102353456
n30_m30_cf0.2_corrstrongly_correlated,30,30,0.2,strongly_correlated,153203,True,1.0,0.3158202171325683,122143.0,OPTIMAL,4.8088482808367394e-05,124776.0,107,1380,41.586506843566895,124770.0,0.4988832473754881,124770.0,OPTIMAL,124773.0,18.63358163833618,1.000024044241404
n30_m30_cf0.2_corruncorrelated,30,30,0.2,uncorrelated,151185,True,1.0,0.320634126663208,211317.0,OPTIMAL,3.659200373238438e-05,218635.0,45,570,4.988033294677734,218627.0,0.5415909290313721,218627.0,OPTIMAL,218627.0,1.46921706199646,1.0
n30_m30_cf0.2_corrweakly_correlated,30,30,0.2,weakly_correlated,152194,True,1.0,0.4667611122131347,102343.0,OPTIMAL,7.791878914201673e-05,102679.0,11,300,7.375085353851318,102671.0,0.7123644351959227,102671.0,OPTIMAL,102671.0,9.39037561416626,1.0
n30_m30_cf0.5_corrstrongly_correlated,30,30,0.5,strongly_correlated,156230,True,1.0,0.6934645175933838,247883.0,TIME_LIMIT,0.0003215751334713,273740.9999999998,76,1410,600.0878376960754,273653.0,0.8676838874816895,273653.0,TIME_LIMIT,273614.0,600.2056858539581,0.9998574837476658
n30_m30_cf0.5_corruncorrelated,30,30,0.5,uncorrelated,154212,True,1.0,0.3349545001983642,250845.0,OPTIMAL,0.0,296765.0,12,330,2.106539249420166,296765.0,0.446179151535034,296765.0,OPTIMAL,296736.0,0.637948751449585,0.999902279581487
n30_m30_cf0.5_corrweakly_correlated,30,30,0.5,weakly_correlated,155221,True,1.0,0.4296119213104248,217258.0,OPTIMAL,9.722779256450455e-05,246867.0,157,1350,33.88303470611572,246843.0,0.5271360874176025,246843.0,OPTIMAL,246843.0,24.029430389404297,1.0
n30_m50_cf0.2_corrstrongly_correlated,30,50,0.2,strongly_correlated,159257,True,1.0,2.9530513286590576,209249.0,TIME_LIMIT,0.0013693261498798,212073.0,423,5190,600.1635053157806,211783.0,3.724492311477661,211783.0,OPTIMAL,212028.0,192.35611391067505,1.001156844505933
n30_m50_cf0.2_corruncorrelated,30,50,0.2,uncorrelated,157239,True,1.0,0.4188053607940674,323396.0,OPTIMAL,6.581865529625549e-05,349468.0,44,690,11.474160194396973,349445.0,0.6899359226226807,349445.0,OPTIMAL,349435.0,8.023118019104004,0.9999713831933494
n30_m50_cf0.2_corrweakly_correlated,30,50,0.2,weakly_correlated,158248,True,1.0,0.5863728523254395,170614.0,OPTIMAL,8.148204193997102e-05,171831.0,96,1410,59.66511225700378,171817.0,0.7855806350708008,171817.0,OPTIMAL,171813.0,50.721896171569824,0.9999767194165886
n30_m50_cf0.5_corrstrongly_correlated,30,50,0.5,strongly_correlated,162284,True,1.0,1.9591963291168213,421492.0,TIME_LIMIT,0.0003298425002052,460977.9999999996,72,1500,600.1850700378418,460826.0,2.267317056655884,460826.0,TIME_LIMIT,460847.0,600.1161754131317,1.0000455703454232
n30_m50_cf0.5_corruncorrelated,30,50,0.5,uncorrelated,160266,True,1.0,0.9978086948394777,450942.0,OPTIMAL,7.720769463762865e-05,505170.0,43,570,6.72165846824646,505131.0,1.312666416168213,505131.0,OPTIMAL,505137.0,1.588104009628296,1.0000118781068674
n30_m50_cf0.5_corrweakly_correlated,30,50,0.5,weakly_correlated,161275,True,1.0,1.847923755645752,391032.0,OPTIMAL,9.981464700264348e-05,407218.6423283373,125,1140,355.9674248695373,407178.0,2.357349395751953,407178.0,OPTIMAL,407194.0,38.38368892669678,1.0000392948538477
n35_m30_cf0.2_corrstrongly_correlated,35,30,0.2,strongly_correlated,56339,True,1.0,0.2339808940887451,144151.0,OPTIMAL,9.554683501109026e-05,146539.0,122,2030,25.51493763923645,146525.0,0.3514385223388671,146525.0,OPTIMAL,146523.0,14.326706886291504,0.9999863504521412
n35_m30_cf0.2_corruncorrelated,35,30,0.2,uncorrelated,54321,True,1.0,0.3182559013366699,233811.0,OPTIMAL,1.0650080672611196e-15,245946.00000000023,30,490,2.8024709224700928,245946.0,0.4546504020690917,245946.0,OPTIMAL,245946.0,1.1814424991607666,1.0
n35_m30_cf0.2_corrweakly_correlated,35,30,0.2,weakly_correlated,55330,True,1.0,0.2925465106964111,124914.0,OPTIMAL,9.57044646132742e-05,125398.0,20,840,10.360928297042848,125386.0,0.4377377033233641,125386.0,OPTIMAL,125386.0,5.069806098937988,1.0
n35_m30_cf0.5_corrstrongly_correlated,35,30,0.5,strongly_correlated,59366,True,1.0,0.235041856765747,305754.0,TIME_LIMIT,0.0005215254934785,318462.99999999773,152,2135,600.0814816951752,318297.0,0.3550217151641844,318297.0,TIME_LIMIT,318366.0,600.0073714256287,1.000216778668979
n35_m30_cf0.5_corruncorrelated,35,30,0.5,uncorrelated,57348,True,1.0,0.202650785446167,256280.0,OPTIMAL,2.9448936772107136e-06,313450.9230769231,34,315,1.3860011100769043,313450.0,0.3029694557189941,313450.0,OPTIMAL,313423.0,0.2795367240905761,0.9999138618599458
n35_m30_cf0.5_corrweakly_correlated,35,30,0.5,weakly_correlated,58357,True,1.0,0.1809632778167724,249017.0,OPTIMAL,9.925813732914734e-05,272045.0,282,2625,27.820178747177124,272018.0,0.3445303440093993,272018.0,OPTIMAL,272026.0,12.91796588897705,1.000029409818468
n35_m50_cf0.2_corrstrongly_correlated,35,50,0.2,strongly_correlated,62393,True,1.0,1.0993983745574951,241811.0,OPTIMAL,9.7617720870262e-05,245881.0,253,2030,224.49834489822388,245857.0,1.2823922634124756,245857.0,OPTIMAL,245864.0,42.08953619003296,1.000028471835254
n35_m50_cf0.2_corruncorrelated,35,50,0.2,uncorrelated,60375,True,1.0,0.4208950996398926,399948.0,OPTIMAL,6.953085851429338e-05,417110.0,51,420,8.29472017288208,417081.0,0.6229920387268066,417081.0,OPTIMAL,417095.0,7.311296224594116,1.0000335666213518
n35_m50_cf0.2_corrweakly_correlated,35,50,0.2,weakly_correlated,61384,True,1.0,0.5474975109100342,202323.0,OPTIMAL,9.849111610132766e-05,203084.0,19,735,31.9251492023468,203064.0,0.7699103355407715,203064.0,OPTIMAL,203064.0,16.459264039993286,1.0
n35_m50_cf0.5_corrstrongly_correlated,35,50,0.5,strongly_correlated,65420,True,1.0,1.127861499786377,407300.0,TIME_LIMIT,0.0002240486549396,522324.9999999987,229,2205,600.1094648838043,522208.0,1.268998384475708,522208.0,TIME_LIMIT,522171.0,600.0942628383636,0.9999291470065568
n35_m50_cf0.5_corruncorrelated,35,50,0.5,uncorrelated,63402,True,1.0,0.5805437564849854,479534.0,OPTIMAL,0.0,571722.0,28,595,3.829915761947632,571722.0,0.7352120876312256,571722.0,OPTIMAL,571706.0,0.6527562141418457,0.9999720143706208
n35_m50_cf0.5_corrweakly_correlated,35,50,0.5,weakly_correlated,64411,True,1.0,2.425471544265747,461229.0,TIME_LIMIT,0.0062836963697637,465803.6916310818,788,8260,600.3705542087555,462895.0,3.602466583251953,462895.0,OPTIMAL,465740.0,83.8306622505188,1.00614610224781
n40_m30_cf0.2_corrstrongly_correlated,40,30,0.2,strongly_correlated,68447,True,1.0,0.4048116207122803,160875.0,OPTIMAL,6.737430099162721e-05,163278.0,67,880,37.69235277175903,163267.0,0.5480782985687256,163267.0,OPTIMAL,163263.0,21.19052243232727,0.9999755002541848
n40_m30_cf0.2_corruncorrelated,40,30,0.2,uncorrelated,66429,True,1.0,0.4372248649597168,256615.0,OPTIMAL,1.4774267658020028e-05,270745.0,51,920,6.8383660316467285,270741.0,0.6453390121459961,270741.0,OPTIMAL,270733.0,4.077188491821289,0.999970451464684
n40_m30_cf0.2_corrweakly_correlated,40,30,0.2,weakly_correlated,67438,True,1.0,0.687230110168457,134146.0,OPTIMAL,9.55741802676077e-05,136033.0,58,1000,28.99955701828003,136020.0,1.0075390338897705,136020.0,OPTIMAL,136021.0,19.784926652908325,1.0000073518600203
n40_m30_cf0.5_corrstrongly_correlated,40,30,0.5,strongly_correlated,71474,True,1.0,0.3392221927642822,324587.0,TIME_LIMIT,0.0003780132277428,367850.99999999977,202,2200,600.062028169632,367712.0,0.4482984542846679,367712.0,TIME_LIMIT,367743.0,600.1705198287964,1.0000843051083457
n40_m30_cf0.5_corruncorrelated,40,30,0.5,uncorrelated,69456,True,1.0,0.2236866950988769,309022.0,OPTIMAL,0.0,369640.0,41,560,2.229630708694458,369640.0,0.3347539901733397,369640.0,OPTIMAL,369615.0,0.5183432102203369,0.9999323666269884
n40_m30_cf0.5_corrweakly_correlated,40,30,0.5,weakly_correlated,70465,True,1.0,0.2351982593536377,320691.0,OPTIMAL,8.606195846281048e-05,325375.0,121,2280,26.70071792602539,325347.0,0.3452882766723631,325347.0,OPTIMAL,325352.0,13.54949951171875,1.0000153682068684
n40_m50_cf0.2_corrstrongly_correlated,40,50,0.2,strongly_correlated,74501,True,1.0,1.3450403213500977,273988.0,TIME_LIMIT,0.0001259083387294,278015.0,429,5680,600.262088060379,277980.0,1.6483066082000732,277980.0,OPTIMAL,277980.0,88.82666015625,1.0
n40_m50_cf0.2_corruncorrelated,40,50,0.2,uncorrelated,72483,True,1.0,0.6146466732025146,479665.0,OPTIMAL,1.2061610707493878e-05,497452.0,56,440,4.458452224731445,497446.0,0.7623491287231444,497446.0,OPTIMAL,497424.0,3.261476516723633,0.9999557740940724
n40_m50_cf0.2_corrweakly_correlated,40,50,0.2,weakly_correlated,73492,True,1.0,0.2844076156616211,228442.0,OPTIMAL,9.580546265328874e-05,229654.0,75,1960,31.92296051979065,229632.0,0.4115793704986572,229632.0,OPTIMAL,229632.0,15.532197713851929,1.0
n40_m50_cf0.5_corrstrongly_correlated,40,50,0.5,strongly_correlated,77528,True,1.0,2.10122299194336,542541.0,TIME_LIMIT,0.0003232589782657,606520.999999997,225,2240,600.1524147987366,606325.0,2.7563662528991704,606325.0,TIME_LIMIT,606353.0,600.2367765903473,1.0000461798540388
n40_m50_cf0.5_corruncorrelated,40,50,0.5,uncorrelated,75510,True,1.0,0.7593212127685547,526363.0,OPTIMAL,1.757699522864475e-05,625829.0,42,640,5.289841651916504,625818.0,0.9504542350769044,625818.0,OPTIMAL,625815.0,0.4173855781555176,0.9999952062740286
n40_m50_cf0.5_corrweakly_correlated,40,50,0.5,weakly_correlated,76519,True,1.0,1.124608278274536,479346.0,TIME_LIMIT,0.0001427141401761,532575.9952796438,188,1480,600.2492210865021,532500.0,1.4060938358306885,532500.0,OPTIMAL,532517.0,147.10881352424622,1.000031924882629
n45_m30_cf0.2_corrstrongly_correlated,45,30,0.2,strongly_correlated,80555,True,1.0,0.759690523147583,184361.0,OPTIMAL,4.7061643987518445e-05,187342.8162460148,252,4995,82.44777631759644,187334.0,1.0342295169830322,187334.0,OPTIMAL,187336.0,40.51333904266357,1.0000106761185903
n45_m30_cf0.2_corruncorrelated,45,30,0.2,uncorrelated,78537,True,1.0,0.5165293216705322,310856.0,OPTIMAL,5.2753254410327225e-05,322272.0,62,675,7.502830743789673,322255.0,0.7415935993194579,322255.0,OPTIMAL,322237.0,3.657904863357544,0.9999441436129772
n45_m30_cf0.2_corrweakly_correlated,45,30,0.2,weakly_correlated,79546,True,1.0,0.9940750598907472,159983.0,OPTIMAL,9.92900759569081e-05,161160.0,14,945,36.50865840911865,161144.0,1.2580397129058838,161144.0,OPTIMAL,161141.0,32.80185079574585,0.999981383110758
n45_m30_cf0.5_corrstrongly_correlated,45,30,0.5,strongly_correlated,83582,True,1.0,0.3755052089691162,379373.0,TIME_LIMIT,0.0004771604833388,413055.9999999908,134,3015,600.1809380054474,412859.0,0.5172700881958007,412859.0,TIME_LIMIT,412902.0,600.1067535877228,1.0001041517806322
n45_m30_cf0.5_corruncorrelated,45,30,0.5,uncorrelated,81564,True,1.0,0.312924861907959,343926.0,OPTIMAL,0.0,425329.0,30,450,2.1679391860961914,425329.0,0.4639489650726318,425329.0,OPTIMAL,425304.0,0.6230578422546387,0.9999412219716972
n45_m30_cf0.5_corrweakly_correlated,45,30,0.5,weakly_correlated,82573,True,1.0,0.3070807456970215,302562.0,OPTIMAL,9.876428451085536e-05,344288.0,109,1710,25.32550382614136,344254.0,0.4712021350860594,344254.0,OPTIMAL,344259.0,15.174203872680664,1.0000145241594869
n45_m50_cf0.2_corrstrongly_correlated,45,50,0.2,strongly_correlated,86609,True,1.0,0.9218652248382568,307448.0,TIME_LIMIT,0.0010582391040906,312848.7187683322,741,8685,600.3402826786041,312518.0,1.35933256149292,312518.0,OPTIMAL,312778.0,513.2372694015503,1.0008319520795603
n45_m50_cf0.2_corruncorrelated,45,50,0.2,uncorrelated,84591,True,1.0,0.891465425491333,503575.0,OPTIMAL,6.254003509822575e-05,527695.0,77,900,11.864657640457152,527662.0,1.0970864295959473,527662.0,OPTIMAL,527650.0,4.621718645095825,0.9999772581690552
n45_m50_cf0.2_corrweakly_correlated,45,50,0.2,weakly_correlated,85600,True,1.0,0.4183042049407959,258876.0,OPTIMAL,9.950743818100404e-05,261313.0,126,1800,48.12165188789368,261287.0,0.6096847057342529,261287.0,OPTIMAL,261292.0,25.54860091209412,1.000019136045804
n45_m50_cf0.5_corrstrongly_correlated,45,50,0.5,strongly_correlated,89636,True,1.0,1.9362478256225584,588502.0,TIME_LIMIT,0.0003939791595505,667810.9999999997,143,2880,600.2232456207275,667548.0,2.3338639736175537,667548.0,TIME_LIMIT,667593.0,600.2435836791992,1.000067410882813
n45_m50_cf0.5_corruncorrelated,45,50,0.5,uncorrelated,87618,True,1.0,1.3460524082183838,630644.0,OPTIMAL,0.0,740667.0,21,405,4.510530710220337,740667.0,1.6831066608428955,740667.0,OPTIMAL,740664.0,1.2571790218353271,0.9999959495967824
n45_m50_cf0.5_corrweakly_correlated,45,50,0.5,weakly_correlated,88627,True,1.0,3.558845043182373,557643.0,TIME_LIMIT,0.0002918509549966,599478.9074447333,234,2205,600.1731040477753,599304.0,4.606010913848877,599304.0,TIME_LIMIT,599372.0,600.165718793869,1.0001134649526784
n50_m30_cf0.2_corrstrongly_correlated,50,30,0.2,strongly_correlated,92663,True,1.0,0.5678696632385254,203739.0,OPTIMAL,9.304367193789588e-06,206614.922403219,47,950,25.341078996658325,206613.0,0.762101411819458,206613.0,OPTIMAL,206597.0,23.294336557388306,0.9999225605358812
n50_m30_cf0.2_corruncorrelated,50,30,0.2,uncorrelated,90645,True,1.0,0.7226290702819824,301356.0,OPTIMAL,0.0,336537.0,58,600,8.212337732315063,336537.0,1.2092671394348145,336537.0,OPTIMAL,336537.0,6.329453706741333,1.0
n50_m30_cf0.2_corrweakly_correlated,50,30,0.2,weakly_correlated,91654,True,1.0,0.901608943939209,172243.0,OPTIMAL,9.821139714378148e-05,173113.0,33,1650,26.545015573501587,173096.0,1.0758514404296875,173096.0,OPTIMAL,173100.0,17.6716525554657,1.000023108564034
n50_m30_cf0.5_corrstrongly_correlated,50,30,0.5,strongly_correlated,95690,True,1.0,1.5625641345977783,285342.0,OPTIMAL,3.940932378236781e-05,431387.0,43,850,7.442692756652832,431370.0,1.7816720008850098,431370.0,OPTIMAL,431352.0,4.243764638900757,0.999958272480701
n50_m30_cf0.5_corruncorrelated,50,30,0.5,uncorrelated,93672,True,1.0,0.390373945236206,452085.0,OPTIMAL,1.231891935476605e-06,513365.63241020346,44,450,2.5784873962402344,513365.0,0.5455038547515868,513365.0,OPTIMAL,513334.0,1.185596227645874,0.9999396141147135
n50_m30_cf0.5_corrweakly_correlated,50,30,0.5,weakly_correlated,94681,True,1.0,0.3421499729156494,367025.0,OPTIMAL,6.669315403252655e-05,404200.95563883794,89,700,38.49665546417236,404174.0,0.4901340007781982,404174.0,OPTIMAL,404165.0,83.66966104507446,0.9999777323627942
n50_m50_cf0.2_corrstrongly_correlated,50,50,0.2,strongly_correlated,98717,True,1.0,1.3123323917388916,339112.0,OPTIMAL,9.847109149412503e-05,345313.0,173,1450,259.4676830768585,345279.0,1.7023072242736816,345279.0,OPTIMAL,345279.0,169.30666851997375,1.0
n50_m50_cf0.2_corruncorrelated,50,50,0.2,uncorrelated,96699,True,1.0,0.4025259017944336,568250.0,OPTIMAL,1.6944098031773572e-06,590177.0,73,550,7.124119997024536,590176.0,0.6765263080596924,590176.0,OPTIMAL,590165.0,6.270678758621216,0.9999813614921652
n50_m50_cf0.2_corrweakly_correlated,50,50,0.2,weakly_correlated,97708,True,1.0,0.3561544418334961,289211.0,OPTIMAL,6.858616479883678e-05,291624.0,49,850,140.03242683410645,291604.0,0.5733604431152343,291604.0,OPTIMAL,291599.0,76.80709218978882,0.9999828534588004
n50_m50_cf0.5_corrstrongly_correlated,50,50,0.5,strongly_correlated,101744,True,1.0,3.5213053226470947,699323.0,TIME_LIMIT,0.000303561924656,761195.9999999959,223,3200,600.2630345821381,760965.0,4.259596347808838,760965.0,TIME_LIMIT,760908.0,600.4603128433228,0.9999250951094992
n50_m50_cf0.5_corruncorrelated,50,50,0.5,uncorrelated,99726,True,1.0,1.7341177463531494,786697.0,OPTIMAL,9.639297487999076e-05,881892.0,49,550,8.7879798412323,881807.0,2.4369819164276123,881807.0,OPTIMAL,881776.0,4.074413537979126,0.9999648449150438
n50_m50_cf0.5_corrweakly_correlated,50,50,0.5,weakly_correlated,100735,True,1.0,2.079608917236328,590864.0,OPTIMAL,9.944491655667456e-05,663750.0,261,2450,185.3088610172272,663684.0,2.516139268875122,663684.0,OPTIMAL,663687.0,127.19464135169984,1.0000045202234795
