tag,graph_type,capacity_level,symmetry,n_players,n_nodes,n_edges,n_layers,n_width,seed,brd_found_pne,brd_time,brd_alpha,initial_pne_cost,gzr_status,gzr_mip_gap,gzr_obj_bound,gzr_cuts,gzr_br_calls,gzr_time,gzr_obj_val,gzr_first_pne_time,best_pne_cost,so_status,so_cost,so_time,pos
E_tight_asymmetric_n2_L10W10_s0,layered,tight,asymmetric,2,100,705,10,10,,True,0.7033615112304688,1.0,41.0,OPTIMAL,0.0,37.0,0,6,2.503570318222046,37.0,0.8954005241394043,37.0,OPTIMAL,37.0,2.3851547241210938,1.0
E_tight_asymmetric_n2_L10W3_s0,layered,tight,asymmetric,2,30,63,10,3,,True,0.0588324069976806,1.0,73.0,OPTIMAL,0.0,66.0,1,8,0.275285005569458,66.0,0.1048355102539062,66.0,OPTIMAL,66.0,0.09053921699523926,1.0
E_tight_asymmetric_n2_L10W5_s0,layered,tight,asymmetric,2,50,165,10,5,,True,0.0781309604644775,1.0,78.0,OPTIMAL,0.0,78.0,0,4,0.2731728553771972,78.0,0.1088438034057617,78.0,OPTIMAL,78.0,0.13152647018432617,1.0
E_tight_asymmetric_n2_L10W8_s0,layered,tight,asymmetric,2,80,445,10,8,,True,0.1247737407684326,1.0,59.0,OPTIMAL,0.0,59.0,0,4,1.2282040119171145,59.0,0.2707948684692383,59.0,OPTIMAL,59.0,0.9527521133422852,1.0
E_tight_asymmetric_n2_L3W10_s0,layered,tight,asymmetric,2,30,145,3,10,,True,0.0370059013366699,1.0,22.0,OPTIMAL,0.0,22.0,0,4,0.168527603149414,22.0,0.0770049095153808,22.0,OPTIMAL,22.0,0.14966940879821777,1.0
E_tight_asymmetric_n2_L3W3_s0,layered,tight,asymmetric,2,9,12,3,3,,True,0.0089969635009765,1.0,52.0,OPTIMAL,0.0,52.0,0,4,0.0305087566375732,52.0,0.0240023136138916,52.0,OPTIMAL,52.0,0.00500035285949707,1.0
E_tight_asymmetric_n2_L3W5_s0,layered,tight,asymmetric,2,15,38,3,5,,True,0.0230035781860351,1.0,35.0,OPTIMAL,0.0,24.0,1,8,0.0675191879272461,24.0,0.0340120792388916,24.0,OPTIMAL,24.0,0.028008222579956055,1.0
E_tight_asymmetric_n2_L3W8_s0,layered,tight,asymmetric,2,24,94,3,8,,True,0.0230138301849365,1.0,26.0,OPTIMAL,0.0,18.0,0,6,0.0867986679077148,18.0,0.04408860206604,18.0,OPTIMAL,18.0,0.06960225105285645,1.0
E_tight_asymmetric_n2_L5W10_s0,layered,tight,asymmetric,2,50,301,5,10,,True,0.1225247383117675,1.0,26.0,OPTIMAL,0.0,26.0,0,4,0.502866268157959,26.0,0.2186427116394043,26.0,OPTIMAL,26.0,0.42208242416381836,1.0
E_tight_asymmetric_n2_L5W3_s0,layered,tight,asymmetric,2,15,28,5,3,,True,0.0270030498504638,1.0,31.0,OPTIMAL,0.0,31.0,0,4,0.1415255069732666,31.0,0.0520045757293701,31.0,OPTIMAL,31.0,0.03951549530029297,1.0
E_tight_asymmetric_n2_L5W5_s0,layered,tight,asymmetric,2,25,73,5,5,,True,0.0375154018402099,1.0,63.0,OPTIMAL,0.0,63.0,1,6,0.2150602340698242,63.0,0.056025743484497,63.0,OPTIMAL,48.0,0.07769322395324707,1.3125
E_tight_asymmetric_n2_L5W8_s0,layered,tight,asymmetric,2,40,188,5,8,,True,0.0495121479034423,1.0,20.0,OPTIMAL,0.0,20.0,0,4,0.4172587394714355,20.0,0.1020479202270507,20.0,OPTIMAL,20.0,0.31430864334106445,1.0
E_tight_asymmetric_n2_L8W10_s0,layered,tight,asymmetric,2,80,551,8,10,,True,0.1760454177856445,1.0,41.0,OPTIMAL,0.0,41.0,0,4,8.109015226364136,41.0,0.3071696758270263,41.0,OPTIMAL,41.0,4.689193964004517,1.0
E_tight_asymmetric_n2_L8W3_s0,layered,tight,asymmetric,2,24,50,8,3,,True,0.0401289463043212,1.0,53.0,OPTIMAL,0.0,53.0,0,4,0.1776587963104248,53.0,0.0641303062438964,53.0,OPTIMAL,53.0,0.0913994312286377,1.0
E_tight_asymmetric_n2_L8W5_s0,layered,tight,asymmetric,2,40,127,8,5,,True,0.0780599117279052,1.0000000000000002,55.0,OPTIMAL,0.0,52.0,0,6,0.2820980548858642,52.0,0.1100568771362304,52.0,OPTIMAL,52.0,0.12253856658935547,1.0
E_tight_asymmetric_n2_L8W8_s0,layered,tight,asymmetric,2,64,339,8,8,,True,0.0925142765045166,1.0,43.0,OPTIMAL,0.0,39.99999999999999,3,14,2.9980173110961914,39.99999999999999,0.1848847866058349,40.0,OPTIMAL,37.0,0.561103343963623,1.0810810810810811
E_tight_asymmetric_n4_L10W10_s0,layered,tight,asymmetric,4,100,705,10,10,,True,0.4095287322998047,1.0,51.0,OPTIMAL,0.0,51.0,2,16,37.30867767333984,51.0,0.924203634262085,51.0,OPTIMAL,50.0,26.97098469734192,1.02
E_tight_asymmetric_n4_L10W3_s0,layered,tight,asymmetric,4,30,63,10,3,,True,0.1300234794616699,1.0,127.0,OPTIMAL,0.0,122.0,2,20,13.707420349121094,122.0,0.1945321559906005,122.0,OPTIMAL,122.0,13.411808490753174,1.0
E_tight_asymmetric_n4_L10W5_s0,layered,tight,asymmetric,4,50,165,10,5,,True,0.1049747467041015,1.0,130.0,OPTIMAL,0.0,116.9999979,6,48,362.6326789855957,116.9999979,0.2885556221008301,117.0,OPTIMAL,116.0,628.0918633937836,1.0086206896551724
E_tight_asymmetric_n4_L10W8_s0,layered,tight,asymmetric,4,80,445,10,8,,True,0.2770557403564453,1.0000000000000002,70.0,OPTIMAL,0.0,68.0,0,12,527.3558096885681,67.99999999999999,0.6145963668823242,68.0,OPTIMAL,68.0,834.7898962497711,1.0
E_tight_asymmetric_n4_L3W10_s0,layered,tight,asymmetric,4,30,145,3,10,,True,0.0660779476165771,1.0,23.0,OPTIMAL,0.0,23.0,0,8,0.3774745464324951,23.0,0.2157318592071533,23.0,OPTIMAL,23.0,0.4193282127380371,1.0
E_tight_asymmetric_n4_L3W3_s0,layered,tight,asymmetric,4,9,12,3,3,,True,0.0109906196594238,1.0,56.0,OPTIMAL,0.0,56.0,0,8,0.0370595455169677,56.0,0.0250637531280517,56.0,OPTIMAL,56.0,0.015893936157226562,1.0
E_tight_asymmetric_n4_L3W5_s0,layered,tight,asymmetric,4,15,38,3,5,,True,0.0410902500152587,1.0,68.0,OPTIMAL,0.0,68.0,0,8,0.1215841770172119,68.0,0.0788037776947021,68.0,OPTIMAL,68.0,0.08585786819458008,1.0
E_tight_asymmetric_n4_L3W8_s0,layered,tight,asymmetric,4,24,94,3,8,,True,0.1657412052154541,1.0,23.0,OPTIMAL,0.0,23.0,0,8,0.3961412906646728,23.0,0.2503347396850586,23.0,OPTIMAL,23.0,0.2888650894165039,1.0
E_tight_asymmetric_n4_L5W10_s0,layered,tight,asymmetric,4,50,301,5,10,,True,0.1585452556610107,1.0000000000000002,35.0,OPTIMAL,0.0,34.99999999999999,1,12,1.950963258743286,34.99999999999999,0.3654520511627197,35.0,OPTIMAL,34.0,1.3766052722930908,1.0294117647058822
E_tight_asymmetric_n4_L5W3_s0,layered,tight,asymmetric,4,15,28,5,3,,True,0.3082585334777832,1.0,87.0,OPTIMAL,0.0,87.0,0,8,0.4129848480224609,87.0,0.3422577381134033,87.0,OPTIMAL,87.0,0.08900189399719238,1.0
E_tight_asymmetric_n4_L5W5_s0,layered,tight,asymmetric,4,25,73,5,5,,True,0.083686351776123,1.0,92.0,OPTIMAL,0.0,92.0,2,16,0.6394267082214355,92.0,0.1393749713897705,92.0,OPTIMAL,86.0,0.22850632667541504,1.069767441860465
E_tight_asymmetric_n4_L5W8_s0,layered,tight,asymmetric,4,40,188,5,8,,True,0.1671667098999023,1.0,61.0,OPTIMAL,0.0,59.00000000000001,1,16,1.4628615379333496,59.00000000000001,0.4036061763763428,59.0,OPTIMAL,59.0,1.2653796672821045,1.0
E_tight_asymmetric_n4_L8W10_s0,layered,tight,asymmetric,4,80,551,8,10,,True,0.3103530406951904,1.0,59.0,OPTIMAL,0.0,56.0,0,12,14.721312761306764,55.99999999999999,0.7759993076324463,56.0,OPTIMAL,56.0,19.71492075920105,1.0
E_tight_asymmetric_n4_L8W3_s0,layered,tight,asymmetric,4,24,50,8,3,,True,0.106630802154541,1.0,94.0,OPTIMAL,0.0,94.0,0,8,7.895841598510742,94.0,0.1741583347320556,94.0,OPTIMAL,94.0,4.009040117263794,1.0
E_tight_asymmetric_n4_L8W5_s0,layered,tight,asymmetric,4,40,127,8,5,,True,0.2042243480682373,1.0,123.0,OPTIMAL,0.0,105.99999925201575,2,32,47.26747941970825,105.9999990113388,0.3214435577392578,106.0,OPTIMAL,106.0,21.633636236190796,1.0
E_tight_asymmetric_n4_L8W8_s0,layered,tight,asymmetric,4,64,339,8,8,,True,0.1955888271331787,1.0000000000000002,61.0,OPTIMAL,0.0,54.99999959752291,0,24,42.0777587890625,54.99999947677976,0.4200973510742187,55.0,OPTIMAL,55.0,32.21686625480652,1.0
E_tight_asymmetric_n6_L10W10_s0,layered,tight,asymmetric,6,100,705,10,10,,True,0.7464585304260254,1.0000000000000002,62.0,OPTIMAL,0.0,53.99999999999959,5,30,148.08118891716003,54.0,1.5991594791412354,54.0,OPTIMAL,54.0,273.54052543640137,1.0
E_tight_asymmetric_n6_L10W3_s0,layered,tight,asymmetric,6,30,63,10,3,,True,0.2883381843566894,1.0000000000000002,167.0,OPTIMAL,0.0,146.99999999999997,36,168,77.16743326187134,147.0,0.4371201992034912,147.0,OPTIMAL,145.0,61.00845170021057,1.013793103448276
E_tight_asymmetric_n6_L10W5_s0,layered,tight,asymmetric,6,50,165,10,5,,True,0.5667665004730225,1.0000000000000002,150.0,TIME_LIMIT,0.0819773302837604,114.75283371452994,6,36,600.444461107254,125.0,0.8270587921142578,125.0,OPTIMAL,125.0,558.7712335586548,1.0
E_tight_asymmetric_n6_L10W8_s0,layered,tight,asymmetric,6,80,445,10,8,,True,0.6201431751251221,1.0,88.0,OPTIMAL,0.0,83.0,0,24,192.35666680336,83.0,1.4107797145843506,83.0,OPTIMAL,83.0,96.29992175102234,1.0
E_tight_asymmetric_n6_L3W10_s0,layered,tight,asymmetric,6,30,145,3,10,,True,0.1565194129943847,1.0,60.0,OPTIMAL,0.0,60.0,0,12,0.5888156890869141,60.0,0.3718314170837402,60.0,OPTIMAL,60.0,0.7244570255279541,1.0
E_tight_asymmetric_n6_L3W3_s0,layered,tight,asymmetric,6,9,12,3,3,,True,0.045175552368164,1.0,89.0,OPTIMAL,0.0,88.99999999999999,2,18,0.1604795455932617,88.99999999999999,0.0767486095428466,89.0,OPTIMAL,87.0,0.060515403747558594,1.0229885057471264
E_tight_asymmetric_n6_L3W5_s0,layered,tight,asymmetric,6,15,38,3,5,,True,0.0846860408782959,1.0,56.0,OPTIMAL,0.0,56.0,0,12,0.3101286888122558,56.0,0.1542990207672119,56.0,OPTIMAL,56.0,0.2537970542907715,1.0
E_tight_asymmetric_n6_L3W8_s0,layered,tight,asymmetric,6,24,94,3,8,,True,0.0840048789978027,1.0,62.0,OPTIMAL,0.0,62.0,0,12,0.5847136974334717,62.0,0.2901525497436523,62.0,OPTIMAL,62.0,0.5611217021942139,1.0
E_tight_asymmetric_n6_L5W10_s0,layered,tight,asymmetric,6,50,301,5,10,,True,0.3662633895874023,1.0000000000000002,69.0,OPTIMAL,0.0,69.0,0,12,4.7329607009887695,69.0,0.7786610126495361,69.0,OPTIMAL,69.0,3.8914642333984375,1.0
E_tight_asymmetric_n6_L5W3_s0,layered,tight,asymmetric,6,15,28,5,3,,True,0.0955336093902587,1.0,105.0,OPTIMAL,0.0,88.0,0,18,0.5016851425170898,88.0,0.1700689792633056,88.0,OPTIMAL,88.0,0.24933505058288574,1.0
E_tight_asymmetric_n6_L5W5_s0,layered,tight,asymmetric,6,25,73,5,5,,True,0.2031409740447998,1.0000000000000002,74.0,OPTIMAL,0.0,73.99999412427866,2,24,2.8737637996673584,73.9999941242825,0.3594613075256347,74.0,OPTIMAL,74.0,2.3939764499664307,1.0
E_tight_asymmetric_n6_L5W8_s0,layered,tight,asymmetric,6,40,188,5,8,,True,0.2692980766296386,1.0,70.0,OPTIMAL,0.0,62.0,1,30,4.015219449996948,62.0,0.5576879978179932,62.0,OPTIMAL,61.0,2.0285494327545166,1.0163934426229508
E_tight_asymmetric_n6_L8W10_s0,layered,tight,asymmetric,6,80,551,8,10,,True,1.1226749420166016,1.0000000000000002,58.0,OPTIMAL,0.0,53.99999999999999,5,48,278.09493255615234,54.0,2.1072824001312256,54.0,OPTIMAL,53.0,107.50068950653076,1.0188679245283019
E_tight_asymmetric_n6_L8W3_s0,layered,tight,asymmetric,6,24,50,8,3,,True,0.1703143119812011,1.0,121.0,OPTIMAL,0.0,102.0,46,126,144.8625464439392,102.0,0.3107428550720215,102.0,OPTIMAL,101.0,27.433716773986816,1.00990099009901
E_tight_asymmetric_n6_L8W5_s0,layered,tight,asymmetric,6,40,127,8,5,,True,0.2041971683502197,1.0,121.0,OPTIMAL,0.0,116.0,2,42,196.57777905464167,116.0,0.4272623062133789,116.0,OPTIMAL,116.0,159.77433896064758,1.0
E_tight_asymmetric_n6_L8W8_s0,layered,tight,asymmetric,6,64,339,8,8,,True,0.3866419792175293,1.0,82.0,TIME_LIMIT,0.0780064091752404,70.99350649350649,18,90,600.2772884368896,77.0,0.7213051319122314,77.0,OPTIMAL,74.0,241.42187762260437,1.0405405405405406
E_tight_asymmetric_n8_L10W10_s0,layered,tight,asymmetric,8,100,705,10,10,,True,0.9726216793060304,1.0000000000000002,75.0,TIME_LIMIT,0.1367421260936333,63.88108266907115,4,40,600.4289226531982,74.00000000000001,2.643460988998413,74.0,OPTIMAL,68.0,502.6099259853363,1.088235294117647
E_tight_asymmetric_n8_L10W3_s0,layered,tight,asymmetric,8,30,63,10,3,,True,0.2290413379669189,1.0,177.0,OPTIMAL,0.0,136.99999999999997,8,72,76.50792098045349,137.00000000000003,0.4620509147644043,137.0,OPTIMAL,137.0,86.52720952033997,1.0
E_tight_asymmetric_n8_L10W5_s0,layered,tight,asymmetric,8,50,165,10,5,,True,0.7794086933135986,1.0000000000000002,146.0,TIME_LIMIT,0.0174106708097299,126.75402346554483,0,32,600.6137592792511,129.0,1.1362733840942385,129.0,OPTIMAL,129.0,341.89311242103577,1.0
E_tight_asymmetric_n8_L10W8_s0,layered,tight,asymmetric,8,80,445,10,8,,True,0.8363885879516602,1.0000000000000002,116.0,TIME_LIMIT,0.1859585609675723,88.73051685453461,3,32,600.6895072460175,109.0,2.1859383583068848,109.0,FEASIBLE,98.0,1204.4494297504425,1.1122448979591837
E_tight_asymmetric_n8_L3W10_s0,layered,tight,asymmetric,8,30,145,3,10,,True,0.1557559967041015,1.0,81.0,OPTIMAL,0.0,74.0,0,24,0.8594107627868652,74.0,0.4522950649261474,74.0,OPTIMAL,74.0,1.2085931301116943,1.0
E_tight_asymmetric_n8_L3W3_s0,layered,tight,asymmetric,8,9,12,3,3,,True,0.0719382762908935,1.0,101.0,OPTIMAL,0.0,89.0,0,24,0.299924373626709,89.0,0.1293122768402099,89.0,OPTIMAL,89.0,0.26321935653686523,1.0
E_tight_asymmetric_n8_L3W5_s0,layered,tight,asymmetric,8,15,38,3,5,,True,0.1034193038940429,1.0,86.0,OPTIMAL,0.0,78.0,3,48,0.7530241012573242,78.0,0.234246015548706,78.0,OPTIMAL,72.0,0.859938383102417,1.0833333333333333
E_tight_asymmetric_n8_L3W8_s0,layered,tight,asymmetric,8,24,94,3,8,,True,0.1700944900512695,1.0,103.0,OPTIMAL,0.0,84.0,0,24,0.953425407409668,84.0,0.4597477912902832,84.0,OPTIMAL,84.0,1.4580211639404297,1.0
E_tight_asymmetric_n8_L5W10_s0,layered,tight,asymmetric,8,50,301,5,10,,True,0.5986785888671875,1.0,84.0,OPTIMAL,0.0,73.0,0,24,7.689680576324463,73.0,1.4671761989593506,73.0,OPTIMAL,73.0,10.714854001998901,1.0
E_tight_asymmetric_n8_L5W3_s0,layered,tight,asymmetric,8,15,28,5,3,,True,0.1156141757965087,1.0,107.0,OPTIMAL,0.0,89.99999919739167,0,24,3.681021928787232,89.99999863724989,0.2410476207733154,90.0,OPTIMAL,90.0,2.063861846923828,1.0
E_tight_asymmetric_n8_L5W5_s0,layered,tight,asymmetric,8,25,73,5,5,,True,0.1527700424194336,1.0000000000000002,96.0,OPTIMAL,0.0,89.00000000000661,0,24,3.4141979217529297,89.0,0.3679959774017334,89.0,OPTIMAL,89.0,2.1104800701141357,1.0
E_tight_asymmetric_n8_L5W8_s0,layered,tight,asymmetric,8,40,188,5,8,,True,0.3162624835968017,1.0000000000000002,90.0,OPTIMAL,0.0,73.0,0,24,5.517623662948608,73.0,0.7955260276794434,73.0,OPTIMAL,73.0,5.505465269088745,1.0
E_tight_asymmetric_n8_L8W10_s0,layered,tight,asymmetric,8,80,551,8,10,,True,1.063831090927124,1.0000000000000002,96.0,TIME_LIMIT,0.0753467127948913,68.42434325317805,18,80,600.7375047206879,74.00000000000001,2.530606508255005,74.0,OPTIMAL,70.0,139.69303035736084,1.0571428571428572
E_tight_asymmetric_n8_L8W3_s0,layered,tight,asymmetric,8,24,50,8,3,,True,0.2080237865447998,1.0000000000000002,125.0,OPTIMAL,0.0,112.0,0,40,60.110618591308594,112.0,0.4054446220397949,112.0,OPTIMAL,112.0,62.67369627952576,1.0
E_tight_asymmetric_n8_L8W5_s0,layered,tight,asymmetric,8,40,127,8,5,,True,0.3693380355834961,1.0000000000000002,131.0,OPTIMAL,0.0,110.0,9,56,168.4195990562439,110.0,0.7676737308502197,110.0,OPTIMAL,110.0,194.70393824577332,1.0
E_tight_asymmetric_n8_L8W8_s0,layered,tight,asymmetric,8,64,339,8,8,,True,0.4556152820587158,1.0000000000000002,75.0,OPTIMAL,0.0,71.0,0,24,13.660939693450928,71.0,1.208967924118042,71.0,OPTIMAL,71.0,10.03359866142273,1.0
F_loose_asymmetric_n2_L10W10_s0,layered,loose,asymmetric,2,100,705,10,10,,True,0.2112722396850586,1.0,34.0,OPTIMAL,0.0,33.0,0,6,2.12329363822937,33.0,0.4321517944335937,33.0,OPTIMAL,33.0,1.5167508125305176,1.0
F_loose_asymmetric_n2_L10W3_s0,layered,loose,asymmetric,2,30,63,10,3,,True,0.0670831203460693,1.0,73.0,OPTIMAL,0.0,66.0,1,8,0.2500090599060058,66.0,0.0959851741790771,66.0,OPTIMAL,66.0,0.126295804977417,1.0
F_loose_asymmetric_n2_L10W5_s0,layered,loose,asymmetric,2,50,165,10,5,,True,0.0575184822082519,1.0,63.0,OPTIMAL,0.0,63.0,0,4,0.3654561042785644,63.0,0.0970962047576904,63.0,OPTIMAL,63.0,0.1872711181640625,1.0
F_loose_asymmetric_n2_L10W8_s0,layered,loose,asymmetric,2,80,445,10,8,,True,0.1294612884521484,1.0,52.0,OPTIMAL,0.0,52.0,0,4,1.0794522762298584,52.0,0.3006057739257812,52.0,OPTIMAL,52.0,0.7591161727905273,1.0
F_loose_asymmetric_n2_L3W10_s0,layered,loose,asymmetric,2,30,145,3,10,,True,0.0485024452209472,1.0,22.0,OPTIMAL,0.0,22.0,0,4,0.1513271331787109,22.0,0.0942516326904296,22.0,OPTIMAL,22.0,0.3603541851043701,1.0
F_loose_asymmetric_n2_L3W3_s0,layered,loose,asymmetric,2,9,12,3,3,,True,0.0091273784637451,1.0,52.0,OPTIMAL,0.0,52.0,0,4,0.0331199169158935,52.0,0.0211243629455566,52.0,OPTIMAL,52.0,0.010935068130493164,1.0
F_loose_asymmetric_n2_L3W5_s0,layered,loose,asymmetric,2,15,38,3,5,,True,0.0387995243072509,1.0,15.0,OPTIMAL,0.0,15.0,0,4,0.1075527667999267,15.0,0.0591669082641601,15.0,OPTIMAL,15.0,0.06152486801147461,1.0
F_loose_asymmetric_n2_L3W8_s0,layered,loose,asymmetric,2,24,94,3,8,,True,0.1184675693511962,1.0,13.0,OPTIMAL,0.0,13.0,0,4,0.2014591693878173,13.0,0.1524653434753418,13.0,OPTIMAL,13.0,0.17254900932312012,1.0
F_loose_asymmetric_n2_L5W10_s0,layered,loose,asymmetric,2,50,301,5,10,,True,0.1651272773742675,1.0000000000000002,28.0,OPTIMAL,0.0,26.0,0,6,0.7446613311767578,26.0,0.3710026741027832,26.0,OPTIMAL,26.0,0.9450862407684326,1.0
F_loose_asymmetric_n2_L5W3_s0,layered,loose,asymmetric,2,15,28,5,3,,True,0.0606212615966796,1.0,25.0,OPTIMAL,0.0,25.0,0,4,0.1572065353393554,25.0,0.0926258563995361,25.0,OPTIMAL,25.0,0.06174945831298828,1.0
F_loose_asymmetric_n2_L5W5_s0,layered,loose,asymmetric,2,25,73,5,5,,True,0.0668017864227294,1.0,40.0,OPTIMAL,0.0,40.0,0,4,0.1583204269409179,40.0,0.0893135070800781,40.0,OPTIMAL,40.0,0.09402036666870117,1.0
F_loose_asymmetric_n2_L5W8_s0,layered,loose,asymmetric,2,40,188,5,8,,True,0.1229846477508544,1.0,16.0,OPTIMAL,0.0,16.0,0,4,0.6740775108337402,16.0,0.2135004997253418,16.0,OPTIMAL,16.0,0.5353009700775146,1.0
F_loose_asymmetric_n2_L8W10_s0,layered,loose,asymmetric,2,80,551,8,10,,True,0.1524050235748291,1.0,23.0,OPTIMAL,0.0,23.0,0,4,1.1527082920074463,23.0,0.3221898078918457,23.0,OPTIMAL,23.0,0.8609328269958496,1.0
F_loose_asymmetric_n2_L8W3_s0,layered,loose,asymmetric,2,24,50,8,3,,True,0.0424652099609375,1.0,53.0,OPTIMAL,0.0,53.0,0,4,0.1934926509857177,53.0,0.073979377746582,53.0,OPTIMAL,53.0,0.11651086807250977,1.0
F_loose_asymmetric_n2_L8W5_s0,layered,loose,asymmetric,2,40,127,8,5,,True,0.082529067993164,1.0000000000000002,55.0,OPTIMAL,0.0,50.0,0,6,0.3850891590118408,50.0,0.1315376758575439,50.0,OPTIMAL,50.0,0.18182921409606934,1.0
F_loose_asymmetric_n2_L8W8_s0,layered,loose,asymmetric,2,64,339,8,8,,True,0.0955150127410888,1.0,26.0,OPTIMAL,0.0,26.0,0,4,0.6409223079681396,26.0,0.1890490055084228,26.0,OPTIMAL,26.0,0.7057967185974121,1.0
F_loose_asymmetric_n4_L10W10_s0,layered,loose,asymmetric,4,100,705,10,10,,True,0.342585802078247,1.0,50.0,OPTIMAL,0.0,46.0,0,12,10.737665176391602,46.0,1.0077741146087646,46.0,OPTIMAL,46.0,13.962080001831055,1.0
F_loose_asymmetric_n4_L10W3_s0,layered,loose,asymmetric,4,30,63,10,3,,True,0.0915751457214355,1.0,116.0,OPTIMAL,0.0,104.99999977244946,1,24,11.168493509292604,104.99999717131163,0.1840949058532714,105.0,OPTIMAL,105.0,5.481364488601685,1.0
F_loose_asymmetric_n4_L10W5_s0,layered,loose,asymmetric,4,50,165,10,5,,True,0.1497156620025634,1.0000000000000002,111.0,OPTIMAL,0.0,85.0,0,12,1.4538662433624268,85.0,0.3260853290557861,85.0,OPTIMAL,85.0,1.1735689640045166,1.0
F_loose_asymmetric_n4_L10W8_s0,layered,loose,asymmetric,4,80,445,10,8,,True,0.2959182262420654,1.0,51.0,OPTIMAL,0.0,51.0,0,8,5.226506948471069,51.0,0.6848208904266357,51.0,OPTIMAL,51.0,4.195787668228149,1.0
F_loose_asymmetric_n4_L3W10_s0,layered,loose,asymmetric,4,30,145,3,10,,True,0.067385196685791,1.0,23.0,OPTIMAL,0.0,23.0,0,8,0.4182205200195312,23.0,0.2161083221435547,23.0,OPTIMAL,23.0,0.7299139499664307,1.0
F_loose_asymmetric_n4_L3W3_s0,layered,loose,asymmetric,4,9,12,3,3,,True,0.0170049667358398,1.0,56.0,OPTIMAL,0.0,56.0,0,8,0.0430049896240234,56.0,0.0310051441192626,56.0,OPTIMAL,56.0,0.027001380920410156,1.0
F_loose_asymmetric_n4_L3W5_s0,layered,loose,asymmetric,4,15,38,3,5,,True,0.0372285842895507,1.0,68.0,OPTIMAL,0.0,68.0,0,8,0.1234140396118164,68.0,0.0751857757568359,68.0,OPTIMAL,68.0,0.16348862648010254,1.0
F_loose_asymmetric_n4_L3W8_s0,layered,loose,asymmetric,4,24,94,3,8,,True,0.0887923240661621,1.0,23.0,OPTIMAL,0.0,23.0,0,8,0.3218245506286621,23.0,0.1814119815826416,23.0,OPTIMAL,23.0,0.5735495090484619,1.0
F_loose_asymmetric_n4_L5W10_s0,layered,loose,asymmetric,4,50,301,5,10,,True,0.1853125095367431,1.0000000000000002,35.0,OPTIMAL,0.0,32.0,0,12,1.76452898979187,32.0,0.405435562133789,32.0,OPTIMAL,32.0,1.8398456573486328,1.0
F_loose_asymmetric_n4_L5W3_s0,layered,loose,asymmetric,4,15,28,5,3,,True,0.0781159400939941,1.0,83.0,OPTIMAL,0.0,83.0,0,8,0.2262556552886963,83.0,0.1316452026367187,83.0,OPTIMAL,83.0,0.1470174789428711,1.0
F_loose_asymmetric_n4_L5W5_s0,layered,loose,asymmetric,4,25,73,5,5,,True,0.0873310565948486,1.0,91.0,OPTIMAL,0.0,91.0,3,20,0.6664810180664062,91.0,0.1548643112182617,91.0,OPTIMAL,86.0,0.4299032688140869,1.058139534883721
F_loose_asymmetric_n4_L5W8_s0,layered,loose,asymmetric,4,40,188,5,8,,True,0.2698574066162109,1.0,61.0,OPTIMAL,0.0,55.0,0,12,1.6126694679260254,55.0,0.4797251224517822,55.0,OPTIMAL,55.0,1.5514953136444092,1.0
F_loose_asymmetric_n4_L8W10_s0,layered,loose,asymmetric,4,80,551,8,10,,True,0.348071813583374,1.0,59.0,OPTIMAL,0.0,55.9999998903921,3,24,29.80515956878662,55.99999901315224,0.9009835720062256,56.0,OPTIMAL,55.0,17.31588864326477,1.018181818181818
F_loose_asymmetric_n4_L8W3_s0,layered,loose,asymmetric,4,24,50,8,3,,True,0.069509744644165,1.0,94.0,OPTIMAL,0.0,77.0,0,12,0.6298775672912598,76.99999999999999,0.1520247459411621,77.0,OPTIMAL,77.0,0.6018276214599609,1.0
F_loose_asymmetric_n4_L8W5_s0,layered,loose,asymmetric,4,40,127,8,5,,True,0.1612696647644043,1.0000000000000002,123.0,OPTIMAL,2.8279137485815622e-09,91.99999973983194,0,12,3.823173999786377,92.0,0.321544885635376,92.0,OPTIMAL,92.0,2.424642324447632,1.0
F_loose_asymmetric_n4_L8W8_s0,layered,loose,asymmetric,4,64,339,8,8,,True,0.2798893451690674,1.0000000000000002,52.0,OPTIMAL,0.0,45.0,0,12,2.82262921333313,45.00000000000001,0.4929230213165283,45.0,OPTIMAL,45.0,2.5962140560150146,1.0
F_loose_asymmetric_n6_L10W10_s0,layered,loose,asymmetric,6,100,705,10,10,,True,0.6524090766906738,1.0000000000000002,62.0,OPTIMAL,0.0,52.00000000000001,1,24,102.07149410247804,52.0,1.6548941135406494,52.0,OPTIMAL,52.0,71.16276407241821,1.0
F_loose_asymmetric_n6_L10W3_s0,layered,loose,asymmetric,6,30,63,10,3,,True,0.1900727748870849,1.0,156.0,OPTIMAL,3.800408879849006e-11,119.99999988926564,2,36,8.262097597122192,119.99999989382614,0.3555920124053955,120.0,OPTIMAL,120.0,3.724320650100708,1.0
F_loose_asymmetric_n6_L10W5_s0,layered,loose,asymmetric,6,50,165,10,5,,True,0.2648003101348877,1.0,136.0,OPTIMAL,0.0,101.0,1,24,23.06576442718506,101.0,0.5309293270111084,101.0,OPTIMAL,101.0,11.840281009674072,1.0
F_loose_asymmetric_n6_L10W8_s0,layered,loose,asymmetric,6,80,445,10,8,,True,0.614910364151001,1.0000000000000002,79.0,OPTIMAL,0.0,76.0,0,24,213.1170048713684,76.0,1.4837558269500732,76.0,OPTIMAL,76.0,74.80127000808716,1.0
F_loose_asymmetric_n6_L3W10_s0,layered,loose,asymmetric,6,30,145,3,10,,True,0.1896383762359619,1.0,60.0,OPTIMAL,0.0,60.0,0,12,0.7441680431365967,60.0,0.4269206523895263,60.0,OPTIMAL,60.0,1.2426908016204834,1.0
F_loose_asymmetric_n6_L3W3_s0,layered,loose,asymmetric,6,9,12,3,3,,True,0.0389845371246337,1.0,89.0,OPTIMAL,0.0,89.0,2,18,0.1309926509857177,89.0,0.06998872756958,89.0,OPTIMAL,87.0,0.08194947242736816,1.0229885057471264
F_loose_asymmetric_n6_L3W5_s0,layered,loose,asymmetric,6,15,38,3,5,,True,0.0605931282043457,1.0,56.0,OPTIMAL,0.0,56.0,0,12,0.3060967922210693,56.0,0.1471250057220459,56.0,OPTIMAL,56.0,0.4232621192932129,1.0
F_loose_asymmetric_n6_L3W8_s0,layered,loose,asymmetric,6,24,94,3,8,,True,0.0665054321289062,1.0,62.0,OPTIMAL,0.0,62.0,0,12,0.4611051082611084,62.0,0.2150142192840576,62.0,OPTIMAL,62.0,0.9031901359558105,1.0
F_loose_asymmetric_n6_L5W10_s0,layered,loose,asymmetric,6,50,301,5,10,,True,0.417144775390625,1.0000000000000002,69.0,OPTIMAL,3.875067813683216e-05,68.99732620320854,0,12,5.082719326019287,68.99999999999999,0.9160528182983398,69.0,OPTIMAL,69.0,5.671473026275635,1.0
F_loose_asymmetric_n6_L5W3_s0,layered,loose,asymmetric,6,15,28,5,3,,True,0.0925285816192627,1.0,105.0,OPTIMAL,0.0,88.0,0,18,0.5279862880706787,88.0,0.1886196136474609,88.0,OPTIMAL,88.0,0.4418349266052246,1.0
F_loose_asymmetric_n6_L5W5_s0,layered,loose,asymmetric,6,25,73,5,5,,True,0.0887203216552734,1.0000000000000002,65.0,OPTIMAL,0.0,65.0,0,12,0.948845386505127,65.0,0.3055176734924316,65.0,OPTIMAL,65.0,0.9751579761505127,1.0
F_loose_asymmetric_n6_L5W8_s0,layered,loose,asymmetric,6,40,188,5,8,,True,0.246152639389038,1.0,70.0,OPTIMAL,1.5232975024739593e-08,61.99999905555555,1,24,5.141595363616943,62.0,0.586327075958252,62.0,OPTIMAL,61.0,3.6616382598876953,1.0163934426229508
F_loose_asymmetric_n6_L8W10_s0,layered,loose,asymmetric,6,80,551,8,10,,True,0.4242696762084961,1.0,53.0,OPTIMAL,0.0,52.0,1,24,240.17507576942444,52.0,1.370128870010376,52.0,OPTIMAL,51.0,161.14436197280884,1.0196078431372548
F_loose_asymmetric_n6_L8W3_s0,layered,loose,asymmetric,6,24,50,8,3,,True,0.1177039146423339,1.0,93.0,OPTIMAL,0.0,81.00000000000001,0,24,20.191080808639526,81.0,0.2662928104400635,81.0,OPTIMAL,81.0,9.816855430603027,1.0
F_loose_asymmetric_n6_L8W5_s0,layered,loose,asymmetric,6,40,127,8,5,,True,0.2331776618957519,1.0000000000000002,141.0,OPTIMAL,0.0,94.0,0,18,2.902501344680786,94.0,0.491631269454956,94.0,OPTIMAL,94.0,2.5215044021606445,1.0
F_loose_asymmetric_n6_L8W8_s0,layered,loose,asymmetric,6,64,339,8,8,,True,0.3450555801391601,1.0,92.0,OPTIMAL,0.0,67.00000000000003,14,84,54.011094093322754,67.0,0.7162396907806396,67.0,OPTIMAL,65.0,33.27502632141113,1.0307692307692307
F_loose_asymmetric_n8_L10W10_s0,layered,loose,asymmetric,8,100,705,10,10,,True,0.978175163269043,1.0000000000000002,71.0,OPTIMAL,0.0,62.99999999999999,0,24,206.41332030296329,62.99999999999999,2.5637850761413574,63.0,OPTIMAL,63.0,483.9801332950592,1.0
F_loose_asymmetric_n8_L10W3_s0,layered,loose,asymmetric,8,30,63,10,3,,True,0.1380200386047363,1.0,159.0,OPTIMAL,0.0,127.99999999999996,3,56,73.6470513343811,128.0,0.3762533664703369,128.0,OPTIMAL,125.0,43.83162021636963,1.024
F_loose_asymmetric_n8_L10W5_s0,layered,loose,asymmetric,8,50,165,10,5,,True,0.5429739952087402,1.0000000000000002,120.0,OPTIMAL,0.0,116.0,0,24,152.42596697807312,116.0,1.112645387649536,116.0,OPTIMAL,116.0,107.27016711235046,1.0
F_loose_asymmetric_n8_L10W8_s0,layered,loose,asymmetric,8,80,445,10,8,,True,0.68212890625,1.0000000000000002,106.0,TIME_LIMIT,0.1483624289093733,84.31211953797205,6,48,600.6012597084045,99.0,2.271159648895264,99.0,FEASIBLE,96.0,1207.4205367565155,1.03125
F_loose_asymmetric_n8_L3W10_s0,layered,loose,asymmetric,8,30,145,3,10,,True,0.1356003284454345,1.0,81.0,OPTIMAL,0.0,74.0,0,24,0.8139715194702148,74.0,0.4188795089721679,74.0,OPTIMAL,74.0,2.063372850418091,1.0
F_loose_asymmetric_n8_L3W3_s0,layered,loose,asymmetric,8,9,12,3,3,,True,0.060593843460083,1.0,101.0,OPTIMAL,0.0,89.0,0,24,0.2586886882781982,88.99999999999999,0.1169915199279785,89.0,OPTIMAL,89.0,0.2115492820739746,1.0
F_loose_asymmetric_n8_L3W5_s0,layered,loose,asymmetric,8,15,38,3,5,,True,0.0848286151885986,1.0,86.0,OPTIMAL,0.0,77.99999733135043,3,48,0.7602987289428711,77.99999731640784,0.2375979423522949,78.0,OPTIMAL,72.0,0.9009344577789307,1.0833333333333333
F_loose_asymmetric_n8_L3W8_s0,layered,loose,asymmetric,8,24,94,3,8,,True,0.1646056175231933,1.0,103.0,OPTIMAL,0.0,84.0,0,24,0.9792652130126952,84.0,0.5200817584991455,84.0,OPTIMAL,84.0,1.8605694770812988,1.0
F_loose_asymmetric_n8_L5W10_s0,layered,loose,asymmetric,8,50,301,5,10,,True,0.5073039531707764,1.0,84.0,OPTIMAL,0.0,73.0,0,24,8.2925124168396,73.0,1.310922622680664,73.0,OPTIMAL,73.0,12.528316497802734,1.0
F_loose_asymmetric_n8_L5W3_s0,layered,loose,asymmetric,8,15,28,5,3,,True,0.0845193862915039,1.0,79.0,OPTIMAL,0.0,79.0,0,16,0.758091926574707,79.0,0.2045369148254394,79.0,OPTIMAL,79.0,0.7151017189025879,1.0
F_loose_asymmetric_n8_L5W5_s0,layered,loose,asymmetric,8,25,73,5,5,,True,0.1150164604187011,1.0000000000000002,96.0,OPTIMAL,0.0,87.0,0,24,1.6507441997528076,87.0,0.3762156963348388,87.0,OPTIMAL,87.0,1.8481121063232422,1.0
F_loose_asymmetric_n8_L5W8_s0,layered,loose,asymmetric,8,40,188,5,8,,True,0.3362259864807129,1.0000000000000002,90.0,OPTIMAL,0.0,72.99999999999999,0,24,5.761030435562134,73.0,0.8208112716674805,73.0,OPTIMAL,73.0,6.417542457580566,1.0
F_loose_asymmetric_n8_L8W10_s0,layered,loose,asymmetric,8,80,551,8,10,,True,0.8351657390594482,1.0000000000000002,76.0,OPTIMAL,0.0,71.0,4,40,556.8130569458008,71.0,2.2759456634521484,71.0,OPTIMAL,70.0,269.76284289360046,1.0142857142857142
F_loose_asymmetric_n8_L8W3_s0,layered,loose,asymmetric,8,24,50,8,3,,True,0.1839039325714111,1.0000000000000002,69.0,OPTIMAL,0.0,69.0,0,16,1.7563045024871826,69.0,0.4529163837432861,69.0,OPTIMAL,69.0,1.5218758583068848,1.0
F_loose_asymmetric_n8_L8W5_s0,layered,loose,asymmetric,8,40,127,8,5,,True,0.2485222816467285,1.0,115.0,OPTIMAL,0.0,98.0,0,24,6.524998903274536,98.0,0.6948187351226807,98.0,OPTIMAL,98.0,6.3397486209869385,1.0
F_loose_asymmetric_n8_L8W8_s0,layered,loose,asymmetric,8,64,339,8,8,,True,0.6623580455780029,1.0000000000000002,75.0,OPTIMAL,0.0,71.00000000000001,0,24,18.452425241470337,71.00000000000001,1.5337278842926023,71.0,OPTIMAL,71.0,13.075212240219116,1.0
