tag,so_status,so_cost,so_time
E_tight_asymmetric_n2_L10W10_s0,OPTIMAL,37.0,2.3851547241210938
E_tight_asymmetric_n2_L10W3_s0,OPTIMAL,66.0,0.09053921699523926
E_tight_asymmetric_n2_L10W5_s0,OPTIMAL,78.0,0.13152647018432617
E_tight_asymmetric_n2_L10W8_s0,OPTIMAL,59.0,0.9527521133422852
E_tight_asymmetric_n2_L3W10_s0,OPTIMAL,22.0,0.14966940879821777
E_tight_asymmetric_n2_L3W3_s0,OPTIMAL,52.0,0.00500035285949707
E_tight_asymmetric_n2_L3W5_s0,OPTIMAL,24.0,0.028008222579956055
E_tight_asymmetric_n2_L3W8_s0,OPTIMAL,18.0,0.06960225105285645
E_tight_asymmetric_n2_L5W10_s0,OPTIMAL,26.0,0.42208242416381836
E_tight_asymmetric_n2_L5W3_s0,OPTIMAL,31.0,0.03951549530029297
E_tight_asymmetric_n2_L5W5_s0,OPTIMAL,48.0,0.07769322395324707
E_tight_asymmetric_n2_L5W8_s0,OPTIMAL,20.0,0.31430864334106445
E_tight_asymmetric_n2_L8W10_s0,OPTIMAL,41.0,4.689193964004517
E_tight_asymmetric_n2_L8W3_s0,OPTIMAL,53.0,0.0913994312286377
E_tight_asymmetric_n2_L8W5_s0,OPTIMAL,52.0,0.12253856658935547
E_tight_asymmetric_n2_L8W8_s0,OPTIMAL,37.0,0.561103343963623
E_tight_asymmetric_n4_L10W10_s0,OPTIMAL,50.0,26.97098469734192
E_tight_asymmetric_n4_L10W3_s0,OPTIMAL,122.0,13.411808490753174
E_tight_asymmetric_n4_L10W5_s0,OPTIMAL,116.0,628.0918633937836
E_tight_asymmetric_n4_L10W8_s0,OPTIMAL,68.0,834.7898962497711
E_tight_asymmetric_n4_L3W10_s0,OPTIMAL,23.0,0.4193282127380371
E_tight_asymmetric_n4_L3W3_s0,OPTIMAL,56.0,0.015893936157226562
E_tight_asymmetric_n4_L3W5_s0,OPTIMAL,68.0,0.08585786819458008
E_tight_asymmetric_n4_L3W8_s0,OPTIMAL,23.0,0.2888650894165039
E_tight_asymmetric_n4_L5W10_s0,OPTIMAL,34.0,1.3766052722930908
E_tight_asymmetric_n4_L5W3_s0,OPTIMAL,87.0,0.08900189399719238
E_tight_asymmetric_n4_L5W5_s0,OPTIMAL,86.0,0.22850632667541504
E_tight_asymmetric_n4_L5W8_s0,OPTIMAL,59.0,1.2653796672821045
E_tight_asymmetric_n4_L8W10_s0,OPTIMAL,56.0,19.71492075920105
E_tight_asymmetric_n4_L8W3_s0,OPTIMAL,94.0,4.009040117263794
E_tight_asymmetric_n4_L8W5_s0,OPTIMAL,106.0,21.633636236190796
E_tight_asymmetric_n4_L8W8_s0,OPTIMAL,55.0,32.21686625480652
E_tight_asymmetric_n6_L10W10_s0,OPTIMAL,54.0,273.54052543640137
E_tight_asymmetric_n6_L10W3_s0,OPTIMAL,145.0,61.00845170021057
E_tight_asymmetric_n6_L10W5_s0,OPTIMAL,125.0,558.7712335586548
E_tight_asymmetric_n6_L10W8_s0,OPTIMAL,83.0,96.29992175102234
E_tight_asymmetric_n6_L3W10_s0,OPTIMAL,60.0,0.7244570255279541
E_tight_asymmetric_n6_L3W3_s0,OPTIMAL,87.0,0.060515403747558594
E_tight_asymmetric_n6_L3W5_s0,OPTIMAL,56.0,0.2537970542907715
E_tight_asymmetric_n6_L3W8_s0,OPTIMAL,62.0,0.5611217021942139
E_tight_asymmetric_n6_L5W10_s0,OPTIMAL,69.0,3.8914642333984375
E_tight_asymmetric_n6_L5W3_s0,OPTIMAL,88.0,0.24933505058288574
E_tight_asymmetric_n6_L5W5_s0,OPTIMAL,74.0,2.3939764499664307
E_tight_asymmetric_n6_L5W8_s0,OPTIMAL,61.0,2.0285494327545166
E_tight_asymmetric_n6_L8W10_s0,OPTIMAL,53.0,107.50068950653076
E_tight_asymmetric_n6_L8W3_s0,OPTIMAL,101.0,27.433716773986816
E_tight_asymmetric_n6_L8W5_s0,OPTIMAL,116.0,159.77433896064758
E_tight_asymmetric_n6_L8W8_s0,OPTIMAL,74.0,241.42187762260437
E_tight_asymmetric_n8_L10W10_s0,OPTIMAL,68.0,502.6099259853363
E_tight_asymmetric_n8_L10W3_s0,OPTIMAL,137.0,86.52720952033997
E_tight_asymmetric_n8_L10W5_s0,OPTIMAL,129.0,341.89311242103577
E_tight_asymmetric_n8_L10W8_s0,FEASIBLE,98.0,1204.4494297504425
E_tight_asymmetric_n8_L3W10_s0,OPTIMAL,74.0,1.2085931301116943
E_tight_asymmetric_n8_L3W3_s0,OPTIMAL,89.0,0.26321935653686523
E_tight_asymmetric_n8_L3W5_s0,OPTIMAL,72.0,0.859938383102417
E_tight_asymmetric_n8_L3W8_s0,OPTIMAL,84.0,1.4580211639404297
E_tight_asymmetric_n8_L5W10_s0,OPTIMAL,73.0,10.714854001998901
E_tight_asymmetric_n8_L5W3_s0,OPTIMAL,90.0,2.063861846923828
E_tight_asymmetric_n8_L5W5_s0,OPTIMAL,89.0,2.1104800701141357
E_tight_asymmetric_n8_L5W8_s0,OPTIMAL,73.0,5.505465269088745
E_tight_asymmetric_n8_L8W10_s0,OPTIMAL,70.0,139.69303035736084
E_tight_asymmetric_n8_L8W3_s0,OPTIMAL,112.0,62.67369627952576
E_tight_asymmetric_n8_L8W5_s0,OPTIMAL,110.0,194.70393824577332
E_tight_asymmetric_n8_L8W8_s0,OPTIMAL,71.0,10.03359866142273
F_loose_asymmetric_n2_L10W10_s0,OPTIMAL,33.0,1.5167508125305176
F_loose_asymmetric_n2_L10W3_s0,OPTIMAL,66.0,0.126295804977417
F_loose_asymmetric_n2_L10W5_s0,OPTIMAL,63.0,0.1872711181640625
F_loose_asymmetric_n2_L10W8_s0,OPTIMAL,52.0,0.7591161727905273
F_loose_asymmetric_n2_L3W10_s0,OPTIMAL,22.0,0.3603541851043701
F_loose_asymmetric_n2_L3W3_s0,OPTIMAL,52.0,0.010935068130493164
F_loose_asymmetric_n2_L3W5_s0,OPTIMAL,15.0,0.06152486801147461
F_loose_asymmetric_n2_L3W8_s0,OPTIMAL,13.0,0.17254900932312012
F_loose_asymmetric_n2_L5W10_s0,OPTIMAL,26.0,0.9450862407684326
F_loose_asymmetric_n2_L5W3_s0,OPTIMAL,25.0,0.06174945831298828
F_loose_asymmetric_n2_L5W5_s0,OPTIMAL,40.0,0.09402036666870117
F_loose_asymmetric_n2_L5W8_s0,OPTIMAL,16.0,0.5353009700775146
F_loose_asymmetric_n2_L8W10_s0,OPTIMAL,23.0,0.8609328269958496
F_loose_asymmetric_n2_L8W3_s0,OPTIMAL,53.0,0.11651086807250977
F_loose_asymmetric_n2_L8W5_s0,OPTIMAL,50.0,0.18182921409606934
F_loose_asymmetric_n2_L8W8_s0,OPTIMAL,26.0,0.7057967185974121
F_loose_asymmetric_n4_L10W10_s0,OPTIMAL,46.0,13.962080001831055
F_loose_asymmetric_n4_L10W3_s0,OPTIMAL,105.0,5.481364488601685
F_loose_asymmetric_n4_L10W5_s0,OPTIMAL,85.0,1.1735689640045166
F_loose_asymmetric_n4_L10W8_s0,OPTIMAL,51.0,4.195787668228149
F_loose_asymmetric_n4_L3W10_s0,OPTIMAL,23.0,0.7299139499664307
F_loose_asymmetric_n4_L3W3_s0,OPTIMAL,56.0,0.027001380920410156
F_loose_asymmetric_n4_L3W5_s0,OPTIMAL,68.0,0.16348862648010254
F_loose_asymmetric_n4_L3W8_s0,OPTIMAL,23.0,0.5735495090484619
F_loose_asymmetric_n4_L5W10_s0,OPTIMAL,32.0,1.8398456573486328
F_loose_asymmetric_n4_L5W3_s0,OPTIMAL,83.0,0.1470174789428711
F_loose_asymmetric_n4_L5W5_s0,OPTIMAL,86.0,0.4299032688140869
F_loose_asymmetric_n4_L5W8_s0,OPTIMAL,55.0,1.5514953136444092
F_loose_asymmetric_n4_L8W10_s0,OPTIMAL,55.0,17.31588864326477
F_loose_asymmetric_n4_L8W3_s0,OPTIMAL,77.0,0.6018276214599609
F_loose_asymmetric_n4_L8W5_s0,OPTIMAL,92.0,2.424642324447632
F_loose_asymmetric_n4_L8W8_s0,OPTIMAL,45.0,2.5962140560150146
F_loose_asymmetric_n6_L10W10_s0,OPTIMAL,52.0,71.16276407241821
F_loose_asymmetric_n6_L10W3_s0,OPTIMAL,120.0,3.724320650100708
F_loose_asymmetric_n6_L10W5_s0,OPTIMAL,101.0,11.840281009674072
F_loose_asymmetric_n6_L10W8_s0,OPTIMAL,76.0,74.80127000808716
F_loose_asymmetric_n6_L3W10_s0,OPTIMAL,60.0,1.2426908016204834
F_loose_asymmetric_n6_L3W3_s0,OPTIMAL,87.0,0.08194947242736816
F_loose_asymmetric_n6_L3W5_s0,OPTIMAL,56.0,0.4232621192932129
F_loose_asymmetric_n6_L3W8_s0,OPTIMAL,62.0,0.9031901359558105
F_loose_asymmetric_n6_L5W10_s0,OPTIMAL,69.0,5.671473026275635
F_loose_asymmetric_n6_L5W3_s0,OPTIMAL,88.0,0.4418349266052246
F_loose_asymmetric_n6_L5W5_s0,OPTIMAL,65.0,0.9751579761505127
F_loose_asymmetric_n6_L5W8_s0,OPTIMAL,61.0,3.6616382598876953
F_loose_asymmetric_n6_L8W10_s0,OPTIMAL,51.0,161.14436197280884
F_loose_asymmetric_n6_L8W3_s0,OPTIMAL,81.0,9.816855430603027
F_loose_asymmetric_n6_L8W5_s0,OPTIMAL,94.0,2.5215044021606445
F_loose_asymmetric_n6_L8W8_s0,OPTIMAL,65.0,33.27502632141113
F_loose_asymmetric_n8_L10W10_s0,OPTIMAL,63.0,483.9801332950592
F_loose_asymmetric_n8_L10W3_s0,OPTIMAL,125.0,43.83162021636963
F_loose_asymmetric_n8_L10W5_s0,OPTIMAL,116.0,107.27016711235046
F_loose_asymmetric_n8_L10W8_s0,FEASIBLE,96.0,1207.4205367565155
F_loose_asymmetric_n8_L3W10_s0,OPTIMAL,74.0,2.063372850418091
F_loose_asymmetric_n8_L3W3_s0,OPTIMAL,89.0,0.2115492820739746
F_loose_asymmetric_n8_L3W5_s0,OPTIMAL,72.0,0.9009344577789307
F_loose_asymmetric_n8_L3W8_s0,OPTIMAL,84.0,1.8605694770812988
F_loose_asymmetric_n8_L5W10_s0,OPTIMAL,73.0,12.528316497802734
F_loose_asymmetric_n8_L5W3_s0,OPTIMAL,79.0,0.7151017189025879
F_loose_asymmetric_n8_L5W5_s0,OPTIMAL,87.0,1.8481121063232422
F_loose_asymmetric_n8_L5W8_s0,OPTIMAL,73.0,6.417542457580566
F_loose_asymmetric_n8_L8W10_s0,OPTIMAL,70.0,269.76284289360046
F_loose_asymmetric_n8_L8W3_s0,OPTIMAL,69.0,1.5218758583068848
F_loose_asymmetric_n8_L8W5_s0,OPTIMAL,98.0,6.3397486209869385
F_loose_asymmetric_n8_L8W8_s0,OPTIMAL,71.0,13.075212240219116
